REF_Fst,CAND_Fst,GI5_Fst,LFY_Fst,FRI_Fst,weights,xCoord.S1,yCoord.S1,xCoord.S2,yCoord.S2,s1.bio_1,s1.bio_10,s1.bio_15,s1.bio_18,s1.bio_2,s1.bio_7,s2.bio_1,s2.bio_10,s2.bio_15,s2.bio_18,s2.bio_2,s2.bio_7
0.219217474,0.316656048,0.348416264,0.371156414,0.308732895,1,-384.615469,1027.451716,-2192.833452,3882.275799,3.1,18.2,63,189,13.1,48.9,-10.7,8.5,60,89,11,50.7
0.174859464,0.142816426,0.005795037,0.234237608,0.196094758,1,-384.615469,1027.451716,-2563.667805,3363.830094,3.1,18.2,63,189,13.1,48.9,-5.2,9,63,196,10.2,39.9
0.116433166,0.108838494,0.036378723,0.124613427,0.074932322,1,-384.615469,1027.451716,-146.9142688,1615.053487,3.1,18.2,63,189,13.1,48.9,-1.2,15.9,52,204,10.3,51
0.119578177,0.120911437,0.012670944,0.114032456,0.067333763,1,-384.615469,1027.451716,-1067.930875,1580.692407,3.1,18.2,63,189,13.1,48.9,1.8,15,66,234,11.9,42.7
0.170943152,0.164738703,0.008064346,0.420769247,0.091884787,1,-384.615469,1027.451716,-2391.457038,3413.089829,3.1,18.2,63,189,13.1,48.9,-4.3,13.5,65,154,10.9,49.3
0.285518369,0.372416157,0.254180008,0.511902706,0.090123524,1,-384.615469,1027.451716,2048.546618,1062.207543,3.1,18.2,63,189,13.1,48.9,3.2,16.3,12,295,11.1,41.6
0.103536265,0.126594896,0.011758334,0.320368498,0.119964512,1,-384.615469,1027.451716,-917.4329518,1919.05922,3.1,18.2,63,189,13.1,48.9,0,15,57,217,12.5,49.2
0.197898875,0.193735248,0.009410006,0.428505748,0.208810602,1,-384.615469,1027.451716,-2817.269214,3726.866322,3.1,18.2,63,189,13.1,48.9,-4.6,13.6,51,154,9.3,47.5
0.112247787,0.112601543,0.010084358,0.194222605,0.139271872,1,-384.615469,1027.451716,99.03966564,1807.763155,3.1,18.2,63,189,13.1,48.9,-4.4,13.1,48,202,10.7,51.9
0.159964759,0.207595467,0.03319305,0.132694605,0.104278698,1,-384.615469,1027.451716,-1395.927399,1780.301275,3.1,18.2,63,189,13.1,48.9,1.8,13.2,44,233,12,39.5
0.126954716,0.131598752,0.011770651,0.354915686,0.058543548,1,-384.615469,1027.451716,-206.1196358,1462.084383,3.1,18.2,63,189,13.1,48.9,0.3,16.7,51,203,9.5,48.4
0.126794968,0.092308539,0.005241947,0.121836308,0.14757212,1,-384.615469,1027.451716,-1066.543011,2393.759537,3.1,18.2,63,189,13.1,48.9,-3.3,13.9,36,133,10.5,50.7
0.153328223,0.28064655,0.347424416,0.293489967,0.228984389,1,-384.615469,1027.451716,-1664.200218,3493.36477,3.1,18.2,63,189,13.1,48.9,-9.2,11.4,42,93,9.3,51.2
0.276095438,0.343786286,0.218115173,0.40008143,0.105113543,1,-384.615469,1027.451716,1585.576093,2245.811056,3.1,18.2,63,189,13.1,48.9,-5.6,9.3,29,175,8.9,44.4
0.476335901,0.647546262,0.422926877,0.975981137,0.055935714,1,-384.615469,1027.451716,1866.055322,1698.872071,3.1,18.2,63,189,13.1,48.9,-3.6,11.4,28,306,10.7,46.4
0.13139206,0.08129054,0.002525373,0.124839073,0.054127655,1,-384.615469,1027.451716,-564.6831192,1514.882574,3.1,18.2,63,189,13.1,48.9,0.1,15.8,48,195,12.1,50.5
0.123361816,0.07765922,0.005970128,0.028579315,0.066105031,1,-384.615469,1027.451716,-426.7698953,1216.374288,3.1,18.2,63,189,13.1,48.9,1.5,16.8,51,186,12,48.9
0.458815135,0.512708818,0.279936596,0.561355187,0.382312443,1,-384.615469,1027.451716,1824.687253,1541.520674,3.1,18.2,63,189,13.1,48.9,-2.1,12.5,25,334,11.1,46.1
0.309673693,0.364406348,0.063009567,0.515762452,0.115390752,1,-384.615469,1027.451716,1983.805474,1248.076615,3.1,18.2,63,189,13.1,48.9,2.1,15,15,302,10.8,41.6
0.280055382,0.305585033,0.101278939,0.124832187,0.186117008,1,-384.615469,1027.451716,-3153.883063,3997.134713,3.1,18.2,63,189,13.1,48.9,-3.6,9.1,62,168,7.6,33.6
0.144511114,0.228314666,0.085688174,0.39851751,0.413544965,1,-384.615469,1027.451716,-1478.058372,3049.382989,3.1,18.2,63,189,13.1,48.9,-5.8,14,48,141,11,53.1
0.136157723,0.175897328,0.044395822,0.337713542,0.087813154,1,-384.615469,1027.451716,-149.4650633,1065.28304,3.1,18.2,63,189,13.1,48.9,3,18.5,55,219,11.7,48.7
0.182671777,0.186264091,0.030343156,0.225565512,0.125214791,1,-384.615469,1027.451716,1255.675587,1059.596183,3.1,18.2,63,189,13.1,48.9,0.8,15,30,312,11.3,46.2
0.765054473,0.47571048,0.153619226,0.647782268,0.171029818,1,-384.615469,1027.451716,2245.349458,1139.797348,3.1,18.2,63,189,13.1,48.9,5.2,17.2,12,257,9.2,36.8
0.148626379,0.128309392,0.042127276,0.113058961,0.19009637,1,-384.615469,1027.451716,305.0026349,1126.635862,3.1,18.2,63,189,13.1,48.9,0.7,16.2,36,279,11.3,49.2
0.116383915,0.125800773,0.016264823,0.270598137,0.057299156,1,-384.615469,1027.451716,-489.7474458,1773.978036,3.1,18.2,63,189,13.1,48.9,-1.8,14.7,49,222,11.3,50.8
0.124322669,0.121496324,0.062447375,0.117683896,0.145550116,1,-384.615469,1027.451716,-1067.325553,1459.492846,3.1,18.2,63,189,13.1,48.9,2.4,15.6,62,206,11.7,43.3
0.133126729,0.134773357,0.006518763,0.362450841,0.107620497,1,-384.615469,1027.451716,-534.9494546,2153.127533,3.1,18.2,63,189,13.1,48.9,-4.5,13.4,48,180,10.9,53.7
0.167527413,0.176954852,0.026350982,0.44742274,0.13026444,1,-384.615469,1027.451716,-2101.183665,2731.513395,3.1,18.2,63,189,13.1,48.9,-3.4,9.3,35,109,11,41
0.166590351,0.13079246,0.010650862,0.070299697,0.087188625,1,-384.615469,1027.451716,-445.8753816,1947.907655,3.1,18.2,63,189,13.1,48.9,-3.3,13.7,48,222,10.1,50.1
0.170727621,0.26373392,0.374118573,0.126066701,0.237104312,1,-2192.833452,3882.275799,-2563.667805,3363.830094,-10.7,8.5,60,89,11,50.7,-5.2,9,63,196,10.2,39.9
0.212783861,0.331422091,0.481622693,0.101875622,0.298572553,1,-2192.833452,3882.275799,-146.9142688,1615.053487,-10.7,8.5,60,89,11,50.7,-1.2,15.9,52,204,10.3,51
0.220500461,0.304557987,0.403757409,0.138893496,0.287977168,1,-2192.833452,3882.275799,-1067.930875,1580.692407,-10.7,8.5,60,89,11,50.7,1.8,15,66,234,11.9,42.7
0.20919212,0.285034604,0.381894206,0.362160541,0.213596239,1,-2192.833452,3882.275799,-2391.457038,3413.089829,-10.7,8.5,60,89,11,50.7,-4.3,13.5,65,154,10.9,49.3
0.42669835,0.662610885,0.773959042,0.291159999,0.365730832,1,-2192.833452,3882.275799,2048.546618,1062.207543,-10.7,8.5,60,89,11,50.7,3.2,16.3,12,295,11.1,41.6
0.245738365,0.305465684,0.407144721,0.215424974,0.113073261,1,-2192.833452,3882.275799,-917.4329518,1919.05922,-10.7,8.5,60,89,11,50.7,0,15,57,217,12.5,49.2
0.229186346,0.259936237,0.343332763,0.372177922,0.102215913,1,-2192.833452,3882.275799,-2817.269214,3726.866322,-10.7,8.5,60,89,11,50.7,-4.6,13.6,51,154,9.3,47.5
0.178475119,0.278085191,0.35888888,0.242377098,0.187401527,1,-2192.833452,3882.275799,99.03966564,1807.763155,-10.7,8.5,60,89,11,50.7,-4.4,13.1,48,202,10.7,51.9
0.218624966,0.373559529,0.466388657,0.098536076,0.145948285,1,-2192.833452,3882.275799,-1395.927399,1780.301275,-10.7,8.5,60,89,11,50.7,1.8,13.2,44,233,12,39.5
0.211465449,0.315663142,0.407291241,0.098699185,0.179335332,1,-2192.833452,3882.275799,-206.1196358,1462.084383,-10.7,8.5,60,89,11,50.7,0.3,16.7,51,203,9.5,48.4
0.195484878,0.281102725,0.358215587,0.292791271,0.109334037,1,-2192.833452,3882.275799,-1066.543011,2393.759537,-10.7,8.5,60,89,11,50.7,-3.3,13.9,36,133,10.5,50.7
0.184968617,0.188897758,0.018586518,0.279926804,0.214696109,1,-2192.833452,3882.275799,-1664.200218,3493.36477,-10.7,8.5,60,89,11,50.7,-9.2,11.4,42,93,9.3,51.2
0.338209012,0.544054399,0.780903145,0.181538292,0.153757896,1,-2192.833452,3882.275799,1585.576093,2245.811056,-10.7,8.5,60,89,11,50.7,-5.6,9.3,29,175,8.9,44.4
0.61431567,1,0.978241737,1,0.3687827,1,-2192.833452,3882.275799,1866.055322,1698.872071,-10.7,8.5,60,89,11,50.7,-3.6,11.4,28,306,10.7,46.4
0.178272703,0.272867709,0.338844404,0.116434307,0.244623988,1,-2192.833452,3882.275799,-564.6831192,1514.882574,-10.7,8.5,60,89,11,50.7,0.1,15.8,48,195,12.1,50.5
0.216045704,0.286397712,0.358945989,0.222225618,0.253804825,1,-2192.833452,3882.275799,-426.7698953,1216.374288,-10.7,8.5,60,89,11,50.7,1.5,16.8,51,186,12,48.9
0.580758369,0.801061688,0.796201798,0.290055774,0.548597592,1,-2192.833452,3882.275799,1824.687253,1541.520674,-10.7,8.5,60,89,11,50.7,-2.1,12.5,25,334,11.1,46.1
0.435671273,0.56815892,0.513372179,0.289067968,0.3661711,1,-2192.833452,3882.275799,1983.805474,1248.076615,-10.7,8.5,60,89,11,50.7,2.1,15,15,302,10.8,41.6
0.284370544,0.390770531,0.428439069,0.182645527,0.132067644,1,-2192.833452,3882.275799,-3153.883063,3997.134713,-10.7,8.5,60,89,11,50.7,-3.6,9.1,62,168,7.6,33.6
0.196128404,0.276810914,0.282149674,0.347886127,0.34476624,1,-2192.833452,3882.275799,-1478.058372,3049.382989,-10.7,8.5,60,89,11,50.7,-5.8,14,48,141,11,53.1
0.224640811,0.379269754,0.471955796,0.104423326,0.311218489,1,-2192.833452,3882.275799,-149.4650633,1065.28304,-10.7,8.5,60,89,11,50.7,3,18.5,55,219,11.7,48.7
0.276866022,0.442047242,0.461463938,0.234909876,0.345407238,1,-2192.833452,3882.275799,1255.675587,1059.596183,-10.7,8.5,60,89,11,50.7,0.8,15,30,312,11.3,46.2
0.922224331,0.662336802,0.624151085,0.24991429,0.272281368,1,-2192.833452,3882.275799,2245.349458,1139.797348,-10.7,8.5,60,89,11,50.7,5.2,17.2,12,257,9.2,36.8
0.221109209,0.330345451,0.501032879,0.223381679,0.080234437,1,-2192.833452,3882.275799,305.0026349,1126.635862,-10.7,8.5,60,89,11,50.7,0.7,16.2,36,279,11.3,49.2
0.189180926,0.298362486,0.412216157,0.265442705,0.216758073,1,-2192.833452,3882.275799,-489.7474458,1773.978036,-10.7,8.5,60,89,11,50.7,-1.8,14.7,49,222,11.3,50.8
0.233300936,0.353571547,0.532958126,0.167814652,0.180062545,1,-2192.833452,3882.275799,-1067.325553,1459.492846,-10.7,8.5,60,89,11,50.7,2.4,15.6,62,206,11.7,43.3
0.209561967,0.343806551,0.369313516,0.365984865,0.252062249,1,-2192.833452,3882.275799,-534.9494546,2153.127533,-10.7,8.5,60,89,11,50.7,-4.5,13.4,48,180,10.9,53.7
0.246727295,0.30405245,0.326858736,0.341945196,0.268845387,1,-2192.833452,3882.275799,-2101.183665,2731.513395,-10.7,8.5,60,89,11,50.7,-3.4,9.3,35,109,11,41
0.228303551,0.305440105,0.364066975,0.257597231,0.185651576,1,-2192.833452,3882.275799,-445.8753816,1947.907655,-10.7,8.5,60,89,11,50.7,-3.3,13.7,48,222,10.1,50.1
0.165119789,0.154510472,0.047479717,0.069855025,0.332188559,1,-2563.667805,3363.830094,-146.9142688,1615.053487,-5.2,9,63,196,10.2,39.9,-1.2,15.9,52,204,10.3,51
0.166033677,0.158378013,0.01175558,0.059764637,0.285055674,1,-2563.667805,3363.830094,-1067.930875,1580.692407,-5.2,9,63,196,10.2,39.9,1.8,15,66,234,11.9,42.7
0.13697892,0.124000552,0.008851336,0.150063781,0.205839075,1,-2563.667805,3363.830094,-2391.457038,3413.089829,-5.2,9,63,196,10.2,39.9,-4.3,13.5,65,154,10.9,49.3
0.34726823,0.443678734,0.279262336,0.179163197,0.395755787,1,-2563.667805,3363.830094,2048.546618,1062.207543,-5.2,9,63,196,10.2,39.9,3.2,16.3,12,295,11.1,41.6
0.186847919,0.103676112,0.015746979,0.068606143,0.155121803,1,-2563.667805,3363.830094,-917.4329518,1919.05922,-5.2,9,63,196,10.2,39.9,0,15,57,217,12.5,49.2
0.158173097,0.135232886,0.004896991,0.148073984,0.236531357,1,-2563.667805,3363.830094,-2817.269214,3726.866322,-5.2,9,63,196,10.2,39.9,-4.6,13.6,51,154,9.3,47.5
0.14849884,0.137860543,0.008089506,0.076226615,0.310574616,1,-2563.667805,3363.830094,99.03966564,1807.763155,-5.2,9,63,196,10.2,39.9,-4.4,13.1,48,202,10.7,51.9
0.172718305,0.20455249,0.029049275,0.043620328,0.148314273,1,-2563.667805,3363.830094,-1395.927399,1780.301275,-5.2,9,63,196,10.2,39.9,1.8,13.2,44,233,12,39.5
0.166803763,0.141600061,0.021468557,0.106271366,0.14160954,1,-2563.667805,3363.830094,-206.1196358,1462.084383,-5.2,9,63,196,10.2,39.9,0.3,16.7,51,203,9.5,48.4
0.142681242,0.131495839,0.006611076,0.097814178,0.184886577,1,-2563.667805,3363.830094,-1066.543011,2393.759537,-5.2,9,63,196,10.2,39.9,-3.3,13.9,36,133,10.5,50.7
0.133101662,0.239114698,0.37658364,0.070372662,0.097229413,1,-2563.667805,3363.830094,-1664.200218,3493.36477,-5.2,9,63,196,10.2,39.9,-9.2,11.4,42,93,9.3,51.2
0.312489785,0.33423932,0.241567319,0.150165992,0.221632848,1,-2563.667805,3363.830094,1585.576093,2245.811056,-5.2,9,63,196,10.2,39.9,-5.6,9.3,29,175,8.9,44.4
0.56627658,0.702846536,0.456807853,0.876398439,0.203774686,1,-2563.667805,3363.830094,1866.055322,1698.872071,-5.2,9,63,196,10.2,39.9,-3.6,11.4,28,306,10.7,46.4
0.144936745,0.122595392,0.009475007,0.095204509,0.154787634,1,-2563.667805,3363.830094,-564.6831192,1514.882574,-5.2,9,63,196,10.2,39.9,0.1,15.8,48,195,12.1,50.5
0.165410106,0.122519933,0.013519936,0.151774017,0.1115458,1,-2563.667805,3363.830094,-426.7698953,1216.374288,-5.2,9,63,196,10.2,39.9,1.5,16.8,51,186,12,48.9
0.53134473,0.586878972,0.304569881,0.197452296,0.817180245,1,-2563.667805,3363.830094,1824.687253,1541.520674,-5.2,9,63,196,10.2,39.9,-2.1,12.5,25,334,11.1,46.1
0.35867364,0.418531464,0.073757978,0.184339406,0.341688583,1,-2563.667805,3363.830094,1983.805474,1248.076615,-5.2,9,63,196,10.2,39.9,2.1,15,15,302,10.8,41.6
0.239905127,0.249497847,0.091043014,0.046229923,0.172294661,1,-2563.667805,3363.830094,-3153.883063,3997.134713,-5.2,9,63,196,10.2,39.9,-3.6,9.1,62,168,7.6,33.6
0.135393911,0.181166502,0.082942938,0.159798769,0.26703841,1,-2563.667805,3363.830094,-1478.058372,3049.382989,-5.2,9,63,196,10.2,39.9,-5.8,14,48,141,11,53.1
0.169885696,0.214851732,0.064741346,0.241021955,0.346549566,1,-2563.667805,3363.830094,-149.4650633,1065.28304,-5.2,9,63,196,10.2,39.9,3,18.5,55,219,11.7,48.7
0.224594402,0.267986113,0.04205352,0.068310441,0.425893317,1,-2563.667805,3363.830094,1255.675587,1059.596183,-5.2,9,63,196,10.2,39.9,0.8,15,30,312,11.3,46.2
0.828190158,0.493386258,0.167408925,0.33707963,0.41302214,1,-2563.667805,3363.830094,2245.349458,1139.797348,-5.2,9,63,196,10.2,39.9,5.2,17.2,12,257,9.2,36.8
0.178522053,0.132597502,0.053151631,0.062022352,0.2310427,1,-2563.667805,3363.830094,305.0026349,1126.635862,-5.2,9,63,196,10.2,39.9,0.7,16.2,36,279,11.3,49.2
0.147724038,0.127074753,0.023879591,0.153652743,0.218537895,1,-2563.667805,3363.830094,-489.7474458,1773.978036,-5.2,9,63,196,10.2,39.9,-1.8,14.7,49,222,11.3,50.8
0.184471619,0.151938999,0.073991217,0.085075326,0.106969342,1,-2563.667805,3363.830094,-1067.325553,1459.492846,-5.2,9,63,196,10.2,39.9,2.4,15.6,62,206,11.7,43.3
0.142819631,0.155359637,0.007236098,0.135653963,0.274166974,1,-2563.667805,3363.830094,-534.9494546,2153.127533,-5.2,9,63,196,10.2,39.9,-4.5,13.4,48,180,10.9,53.7
0.139258867,0.150756903,0.022062665,0.128983346,0.319994491,1,-2563.667805,3363.830094,-2101.183665,2731.513395,-5.2,9,63,196,10.2,39.9,-3.4,9.3,35,109,11,41
0.197121074,0.146346286,0.006024595,0.137606627,0.25579645,1,-2563.667805,3363.830094,-445.8753816,1947.907655,-5.2,9,63,196,10.2,39.9,-3.3,13.7,48,222,10.1,50.1
0.141793457,0.091287991,0.029886391,0.014510343,0.031796907,1,-146.9142688,1615.053487,-1067.930875,1580.692407,-1.2,15.9,52,204,10.3,51,1.8,15,66,234,11.9,42.7
0.171821569,0.127657921,0.024137738,0.199186237,0.067561094,1,-146.9142688,1615.053487,-2391.457038,3413.089829,-1.2,15.9,52,204,10.3,51,-4.3,13.5,65,154,10.9,49.3
0.291291165,0.272580956,0.131588871,0.219171173,0.063741078,1,-146.9142688,1615.053487,2048.546618,1062.207543,-1.2,15.9,52,204,10.3,51,3.2,16.3,12,295,11.1,41.6
0.122669525,0.091716721,0.015744664,0.104397989,0.096327507,1,-146.9142688,1615.053487,-917.4329518,1919.05922,-1.2,15.9,52,204,10.3,51,0,15,57,217,12.5,49.2
0.187471719,0.173239252,0.066626483,0.229415285,0.190180312,1,-146.9142688,1615.053487,-2817.269214,3726.866322,-1.2,15.9,52,204,10.3,51,-4.6,13.6,51,154,9.3,47.5
0.117433499,0.108092597,0.077256606,0.069403385,0.07473204,1,-146.9142688,1615.053487,99.03966564,1807.763155,-1.2,15.9,52,204,10.3,51,-4.4,13.1,48,202,10.7,51.9
0.163756749,0.20672621,0.049654833,0.018021712,0.111338791,1,-146.9142688,1615.053487,-1395.927399,1780.301275,-1.2,15.9,52,204,10.3,51,1.8,13.2,44,233,12,39.5
0.12457871,0.105256564,0.018003017,0.084253239,0.102136785,1,-146.9142688,1615.053487,-206.1196358,1462.084383,-1.2,15.9,52,204,10.3,51,0.3,16.7,51,203,9.5,48.4
0.117481242,0.107038945,0.028739311,0.076285304,0.11630519,1,-146.9142688,1615.053487,-1066.543011,2393.759537,-1.2,15.9,52,204,10.3,51,-3.3,13.9,36,133,10.5,50.7
0.146294013,0.319096947,0.48043932,0.137437216,0.338424667,1,-146.9142688,1615.053487,-1664.200218,3493.36477,-1.2,15.9,52,204,10.3,51,-9.2,11.4,42,93,9.3,51.2
0.291752558,0.248576108,0.10759602,0.138632575,0.067856315,1,-146.9142688,1615.053487,1585.576093,2245.811056,-1.2,15.9,52,204,10.3,51,-5.6,9.3,29,175,8.9,44.4
0.502961526,0.554157469,0.283170419,0.701729779,0.096351144,1,-146.9142688,1615.053487,1866.055322,1698.872071,-1.2,15.9,52,204,10.3,51,-3.6,11.4,28,306,10.7,46.4
0.112478957,0.09278088,0.035716943,0.021503997,0.093678205,1,-146.9142688,1615.053487,-564.6831192,1514.882574,-1.2,15.9,52,204,10.3,51,0.1,15.8,48,195,12.1,50.5
0.120272342,0.102668376,0.029436008,0.058894045,0.11093921,1,-146.9142688,1615.053487,-426.7698953,1216.374288,-1.2,15.9,52,204,10.3,51,1.5,16.8,51,186,12,48.9
0.473118398,0.412376695,0.154893244,0.261024321,0.17368657,1,-146.9142688,1615.053487,1824.687253,1541.520674,-1.2,15.9,52,204,10.3,51,-2.1,12.5,25,334,11.1,46.1
0.314210497,0.28978578,0.011521061,0.223878384,0.050865427,1,-146.9142688,1615.053487,1983.805474,1248.076615,-1.2,15.9,52,204,10.3,51,2.1,15,15,302,10.8,41.6
0.254235184,0.343288003,0.203270422,0.033645859,0.229725215,1,-146.9142688,1615.053487,-3153.883063,3997.134713,-1.2,15.9,52,204,10.3,51,-3.6,9.1,62,168,7.6,33.6
0.164006054,0.28655222,0.209036013,0.183873046,0.534398566,1,-146.9142688,1615.053487,-1478.058372,3049.382989,-1.2,15.9,52,204,10.3,51,-5.8,14,48,141,11,53.1
0.122828886,0.108468258,0.009067928,0.138887055,0.030214801,1,-146.9142688,1615.053487,-149.4650633,1065.28304,-1.2,15.9,52,204,10.3,51,3,18.5,55,219,11.7,48.7
0.192684355,0.161963365,0.007719972,0.077823411,0.045752106,1,-146.9142688,1615.053487,1255.675587,1059.596183,-1.2,15.9,52,204,10.3,51,0.8,15,30,312,11.3,46.2
0.806464879,0.381157272,0.080024343,0.309411318,0.116407398,1,-146.9142688,1615.053487,2245.349458,1139.797348,-1.2,15.9,52,204,10.3,51,5.2,17.2,12,257,9.2,36.8
0.137930373,0.082166811,0.004134886,0.048733382,0.134358241,1,-146.9142688,1615.053487,305.0026349,1126.635862,-1.2,15.9,52,204,10.3,51,0.7,16.2,36,279,11.3,49.2
0.116879515,0.085696107,0.007641861,0.091298786,0.04609403,1,-146.9142688,1615.053487,-489.7474458,1773.978036,-1.2,15.9,52,204,10.3,51,-1.8,14.7,49,222,11.3,50.8
0.122775896,0.120524126,0.010766254,0.019946,0.175388363,1,-146.9142688,1615.053487,-1067.325553,1459.492846,-1.2,15.9,52,204,10.3,51,2.4,15.6,62,206,11.7,43.3
0.124527171,0.108090434,0.033139414,0.190911769,0.0566039,1,-146.9142688,1615.053487,-534.9494546,2153.127533,-1.2,15.9,52,204,10.3,51,-4.5,13.4,48,180,10.9,53.7
0.172096679,0.191594662,0.11180324,0.231243861,0.118775331,1,-146.9142688,1615.053487,-2101.183665,2731.513395,-1.2,15.9,52,204,10.3,51,-3.4,9.3,35,109,11,41
0.159310497,0.139131939,0.063720288,0.047732314,0.053212853,1,-146.9142688,1615.053487,-445.8753816,1947.907655,-1.2,15.9,52,204,10.3,51,-3.3,13.7,48,222,10.1,50.1
0.182744388,0.150347704,0.012093454,0.156490041,0.087963634,1,-1067.930875,1580.692407,-2391.457038,3413.089829,1.8,15,66,234,11.9,42.7,-4.3,13.5,65,154,10.9,49.3
0.301116653,0.358547435,0.221681164,0.183872083,0.085539949,1,-1067.930875,1580.692407,2048.546618,1062.207543,1.8,15,66,234,11.9,42.7,3.2,16.3,12,295,11.1,41.6
0.13107508,0.115557717,0.012300174,0.076564408,0.099590012,1,-1067.930875,1580.692407,-917.4329518,1919.05922,1.8,15,66,234,11.9,42.7,0,15,57,217,12.5,49.2
0.189512467,0.151897331,0.020187025,0.176867254,0.150779522,1,-1067.930875,1580.692407,-2817.269214,3726.866322,1.8,15,66,234,11.9,42.7,-4.6,13.6,51,154,9.3,47.5
0.129683948,0.110377716,0.027322945,0.044886574,0.06138884,1,-1067.930875,1580.692407,99.03966564,1807.763155,1.8,15,66,234,11.9,42.7,-4.4,13.1,48,202,10.7,51.9
0.146896401,0.192340694,0.010727038,0.015404515,0.065054494,1,-1067.930875,1580.692407,-1395.927399,1780.301275,1.8,15,66,234,11.9,42.7,1.8,13.2,44,233,12,39.5
0.147673542,0.137583533,0.022887717,0.083322,0.070107981,1,-1067.930875,1580.692407,-206.1196358,1462.084383,1.8,15,66,234,11.9,42.7,0.3,16.7,51,203,9.5,48.4
0.134064134,0.138365668,0.015444791,0.050856013,0.104860671,1,-1067.930875,1580.692407,-1066.543011,2393.759537,1.8,15,66,234,11.9,42.7,-3.3,13.9,36,133,10.5,50.7
0.162287988,0.292816654,0.402791865,0.110658292,0.286838701,1,-1067.930875,1580.692407,-1664.200218,3493.36477,1.8,15,66,234,11.9,42.7,-9.2,11.4,42,93,9.3,51.2
0.295961684,0.337304958,0.188481901,0.12463626,0.093679431,1,-1067.930875,1580.692407,1585.576093,2245.811056,1.8,15,66,234,11.9,42.7,-5.6,9.3,29,175,8.9,44.4
0.536139605,0.652850657,0.384429427,0.642279653,0.092544084,1,-1067.930875,1580.692407,1866.055322,1698.872071,1.8,15,66,234,11.9,42.7,-3.6,11.4,28,306,10.7,46.4
0.118011439,0.096369755,0.014627447,0.029515491,0.081817445,1,-1067.930875,1580.692407,-564.6831192,1514.882574,1.8,15,66,234,11.9,42.7,0.1,15.8,48,195,12.1,50.5
0.136302602,0.119168037,0.012398341,0.053742943,0.091746328,1,-1067.930875,1580.692407,-426.7698953,1216.374288,1.8,15,66,234,11.9,42.7,1.5,16.8,51,186,12,48.9
0.480848348,0.487450895,0.244704272,0.221257197,0.245779355,1,-1067.930875,1580.692407,1824.687253,1541.520674,1.8,15,66,234,11.9,42.7,-2.1,12.5,25,334,11.1,46.1
0.326023258,0.349073568,0.048272005,0.185938318,0.0351696,1,-1067.930875,1580.692407,1983.805474,1248.076615,1.8,15,66,234,11.9,42.7,2.1,15,15,302,10.8,41.6
0.276717542,0.292161385,0.109136146,0.015009966,0.174234237,1,-1067.930875,1580.692407,-3153.883063,3997.134713,1.8,15,66,234,11.9,42.7,-3.6,9.1,62,168,7.6,33.6
0.156416124,0.254889645,0.127884504,0.149995789,0.463463521,1,-1067.930875,1580.692407,-1478.058372,3049.382989,1.8,15,66,234,11.9,42.7,-5.8,14,48,141,11,53.1
0.146765781,0.187023128,0.043135202,0.171018906,0.028148076,1,-1067.930875,1580.692407,-149.4650633,1065.28304,1.8,15,66,234,11.9,42.7,3,18.5,55,219,11.7,48.7
0.205932327,0.193181994,0.024933279,0.044079937,0.034604414,1,-1067.930875,1580.692407,1255.675587,1059.596183,1.8,15,66,234,11.9,42.7,0.8,15,30,312,11.3,46.2
0.800946376,0.454349879,0.118466914,0.32174696,0.113648654,1,-1067.930875,1580.692407,2245.349458,1139.797348,1.8,15,66,234,11.9,42.7,5.2,17.2,12,257,9.2,36.8
0.164764857,0.137383891,0.031217285,0.019086896,0.113023556,1,-1067.930875,1580.692407,305.0026349,1126.635862,1.8,15,66,234,11.9,42.7,0.7,16.2,36,279,11.3,49.2
0.124515011,0.100622688,0.015689901,0.066814923,0.033489133,1,-1067.930875,1580.692407,-489.7474458,1773.978036,1.8,15,66,234,11.9,42.7,-1.8,14.7,49,222,11.3,50.8
0.142546268,0.142340195,0.046498931,0.006721365,0.156171082,1,-1067.930875,1580.692407,-1067.325553,1459.492846,1.8,15,66,234,11.9,42.7,2.4,15.6,62,206,11.7,43.3
0.145736794,0.135671033,0.014105469,0.158610677,0.030042175,1,-1067.930875,1580.692407,-534.9494546,2153.127533,1.8,15,66,234,11.9,42.7,-4.5,13.4,48,180,10.9,53.7
0.185561312,0.19473325,0.052247364,0.186837043,0.07808566,1,-1067.930875,1580.692407,-2101.183665,2731.513395,1.8,15,66,234,11.9,42.7,-3.4,9.3,35,109,11,41
0.166419292,0.149268767,0.013143103,0.03975252,0.05188395,1,-1067.930875,1580.692407,-445.8753816,1947.907655,1.8,15,66,234,11.9,42.7,-3.3,13.7,48,222,10.1,50.1
0.376565783,0.384182326,0.224815266,0.128929871,0.126048697,1,-2391.457038,3413.089829,2048.546618,1062.207543,-4.3,13.5,65,154,10.9,49.3,3.2,16.3,12,295,11.1,41.6
0.182536912,0.095266983,0.009851135,0.027199635,0.042386765,1,-2391.457038,3413.089829,-917.4329518,1919.05922,-4.3,13.5,65,154,10.9,49.3,0,15,57,217,12.5,49.2
0.146248495,0.108597205,0.014724729,0.01899252,0.156976763,1,-2391.457038,3413.089829,-2817.269214,3726.866322,-4.3,13.5,65,154,10.9,49.3,-4.6,13.6,51,154,9.3,47.5
0.167889349,0.135196183,0.021367624,0.061394909,0.089089917,1,-2391.457038,3413.089829,99.03966564,1807.763155,-4.3,13.5,65,154,10.9,49.3,-4.4,13.1,48,202,10.7,51.9
0.200910392,0.241166827,0.031621196,0.196386431,0.099644724,1,-2391.457038,3413.089829,-1395.927399,1780.301275,-4.3,13.5,65,154,10.9,49.3,1.8,13.2,44,233,12,39.5
0.19225997,0.149943572,0.010289959,0.17602554,0.083613836,1,-2391.457038,3413.089829,-206.1196358,1462.084383,-4.3,13.5,65,154,10.9,49.3,0.3,16.7,51,203,9.5,48.4
0.151317629,0.117146595,0.003499337,0.120987066,0.088277664,1,-2391.457038,3413.089829,-1066.543011,2393.759537,-4.3,13.5,65,154,10.9,49.3,-3.3,13.9,36,133,10.5,50.7
0.158794088,0.237139074,0.380914051,0.054064258,0.229329616,1,-2391.457038,3413.089829,-1664.200218,3493.36477,-4.3,13.5,65,154,10.9,49.3,-9.2,11.4,42,93,9.3,51.2
0.340716698,0.335878841,0.18848327,0.207118663,0.032427049,1,-2391.457038,3413.089829,1585.576093,2245.811056,-4.3,13.5,65,154,10.9,49.3,-5.6,9.3,29,175,8.9,44.4
0.589866044,0.632620091,0.389504263,0.614712469,0.083212292,1,-2391.457038,3413.089829,1866.055322,1698.872071,-4.3,13.5,65,154,10.9,49.3,-3.6,11.4,28,306,10.7,46.4
0.169241931,0.147360456,0.007654236,0.264891745,0.089050031,1,-2391.457038,3413.089829,-564.6831192,1514.882574,-4.3,13.5,65,154,10.9,49.3,0.1,15.8,48,195,12.1,50.5
0.199242396,0.170349855,0.006824978,0.349954495,0.08091026,1,-2391.457038,3413.089829,-426.7698953,1216.374288,-4.3,13.5,65,154,10.9,49.3,1.5,16.8,51,186,12,48.9
0.576433065,0.516441191,0.247614129,0.2297253,0.336556788,1,-2391.457038,3413.089829,1824.687253,1541.520674,-4.3,13.5,65,154,10.9,49.3,-2.1,12.5,25,334,11.1,46.1
0.426210259,0.347893577,0.045585852,0.149619744,0.134708909,1,-2391.457038,3413.089829,1983.805474,1248.076615,-4.3,13.5,65,154,10.9,49.3,2.1,15,15,302,10.8,41.6
0.261063479,0.318017484,0.121467175,0.111851027,0.173159222,1,-2391.457038,3413.089829,-3153.883063,3997.134713,-4.3,13.5,65,154,10.9,49.3,-3.6,9.1,62,168,7.6,33.6
0.151915408,0.187292534,0.10674593,0.013245703,0.426700799,1,-2391.457038,3413.089829,-1478.058372,3049.382989,-4.3,13.5,65,154,10.9,49.3,-5.8,14,48,141,11,53.1
0.193416077,0.222492452,0.035410514,0.496129954,0.077878009,1,-2391.457038,3413.089829,-149.4650633,1065.28304,-4.3,13.5,65,154,10.9,49.3,3,18.5,55,219,11.7,48.7
0.259266448,0.191672195,0.025381333,0.047998439,0.124076113,1,-2391.457038,3413.089829,1255.675587,1059.596183,-4.3,13.5,65,154,10.9,49.3,0.8,15,30,312,11.3,46.2
0.879892082,0.461580686,0.135232938,0.531333054,0.158962729,1,-2391.457038,3413.089829,2245.349458,1139.797348,-4.3,13.5,65,154,10.9,49.3,5.2,17.2,12,257,9.2,36.8
0.203802401,0.125700517,0.028941866,0.118086168,0.107121035,1,-2391.457038,3413.089829,305.0026349,1126.635862,-4.3,13.5,65,154,10.9,49.3,0.7,16.2,36,279,11.3,49.2
0.171938467,0.102000285,0.009478084,0.112298046,0.093928014,1,-2391.457038,3413.089829,-489.7474458,1773.978036,-4.3,13.5,65,154,10.9,49.3,-1.8,14.7,49,222,11.3,50.8
0.182977635,0.147838491,0.050351158,0.152545752,0.079622686,1,-2391.457038,3413.089829,-1067.325553,1459.492846,-4.3,13.5,65,154,10.9,49.3,2.4,15.6,62,206,11.7,43.3
0.195053008,0.117361368,0.007106142,0.034476596,0.112454769,1,-2391.457038,3413.089829,-534.9494546,2153.127533,-4.3,13.5,65,154,10.9,49.3,-4.5,13.4,48,180,10.9,53.7
0.177392551,0.133114948,0.041107209,0.040954536,0.136555305,1,-2391.457038,3413.089829,-2101.183665,2731.513395,-4.3,13.5,65,154,10.9,49.3,-3.4,9.3,35,109,11,41
0.219789161,0.176437067,0.018385578,0.265274406,0.071590488,1,-2391.457038,3413.089829,-445.8753816,1947.907655,-4.3,13.5,65,154,10.9,49.3,-3.3,13.7,48,222,10.1,50.1
0.320026157,0.283896405,0.188242012,0.099112514,0.170726278,1,2048.546618,1062.207543,-917.4329518,1919.05922,3.2,16.3,12,295,11.1,41.6,0,15,57,217,12.5,49.2
0.393949681,0.426511292,0.308273531,0.162689436,0.227486153,1,2048.546618,1062.207543,-2817.269214,3726.866322,3.2,16.3,12,295,11.1,41.6,-4.6,13.6,51,154,9.3,47.5
0.311105829,0.366493821,0.3376492,0.18171652,0.118413302,1,2048.546618,1062.207543,99.03966564,1807.763155,3.2,16.3,12,295,11.1,41.6,-4.4,13.1,48,202,10.7,51.9
0.371420935,0.420893966,0.256360355,0.186765448,0.168708698,1,2048.546618,1062.207543,-1395.927399,1780.301275,3.2,16.3,12,295,11.1,41.6,1.8,13.2,44,233,12,39.5
0.315893601,0.304765037,0.199598746,0.095500066,0.130719888,1,2048.546618,1062.207543,-206.1196358,1462.084383,3.2,16.3,12,295,11.1,41.6,0.3,16.7,51,203,9.5,48.4
0.315635324,0.329022183,0.233608329,0.262406983,0.172325389,1,2048.546618,1062.207543,-1066.543011,2393.759537,3.2,16.3,12,295,11.1,41.6,-3.3,13.9,36,133,10.5,50.7
0.332814331,0.610621389,0.774603694,0.203021056,0.370141797,1,2048.546618,1062.207543,-1664.200218,3493.36477,3.2,16.3,12,295,11.1,41.6,-9.2,11.4,42,93,9.3,51.2
0.250650178,0.151030857,0.015982282,0.044151491,0.088159206,1,2048.546618,1062.207543,1585.576093,2245.811056,3.2,16.3,12,295,11.1,41.6,-5.6,9.3,29,175,8.9,44.4
0.358524941,0.33899015,0.060685331,0.576632429,0.129784458,1,2048.546618,1062.207543,1866.055322,1698.872071,3.2,16.3,12,295,11.1,41.6,-3.6,11.4,28,306,10.7,46.4
0.3100186,0.326719244,0.248005907,0.228842861,0.149495854,1,2048.546618,1062.207543,-564.6831192,1514.882574,3.2,16.3,12,295,11.1,41.6,0.1,15.8,48,195,12.1,50.5
0.294553632,0.362653917,0.234944365,0.376472478,0.183174792,1,2048.546618,1062.207543,-426.7698953,1216.374288,3.2,16.3,12,295,11.1,41.6,1.5,16.8,51,186,12,48.9
0.35982344,0.209793329,0.025031819,0.030701046,0.163417313,1,2048.546618,1062.207543,1824.687253,1541.520674,3.2,16.3,12,295,11.1,41.6,-2.1,12.5,25,334,11.1,46.1
0.162301354,0.139332987,0.083074559,0.010832364,0.107069874,1,2048.546618,1062.207543,1983.805474,1248.076615,3.2,16.3,12,295,11.1,41.6,2.1,15,15,302,10.8,41.6
0.499475118,0.707261699,0.465657095,0.19977808,0.251055125,1,2048.546618,1062.207543,-3153.883063,3997.134713,3.2,16.3,12,295,11.1,41.6,-3.6,9.1,62,168,7.6,33.6
0.334536065,0.520350956,0.522396475,0.169029723,0.553042395,1,2048.546618,1062.207543,-1478.058372,3049.382989,3.2,16.3,12,295,11.1,41.6,-5.8,14,48,141,11,53.1
0.275121503,0.264317581,0.118202142,0.320571079,0.076635274,1,2048.546618,1062.207543,-149.4650633,1065.28304,3.2,16.3,12,295,11.1,41.6,3,18.5,55,219,11.7,48.7
0.270043741,0.290766589,0.135928658,0.1090408,0.064130488,1,2048.546618,1062.207543,1255.675587,1059.596183,3.2,16.3,12,295,11.1,41.6,0.8,15,30,312,11.3,46.2
0.790030637,0.310023767,0.12589229,0.228600057,0.078828049,1,2048.546618,1062.207543,2245.349458,1139.797348,3.2,16.3,12,295,11.1,41.6,5.2,17.2,12,257,9.2,36.8
0.278603571,0.286377692,0.109545531,0.185811314,0.204983238,1,2048.546618,1062.207543,305.0026349,1126.635862,3.2,16.3,12,295,11.1,41.6,0.7,16.2,36,279,11.3,49.2
0.316297246,0.306123247,0.169977484,0.11622945,0.108529795,1,2048.546618,1062.207543,-489.7474458,1773.978036,3.2,16.3,12,295,11.1,41.6,-1.8,14.7,49,222,11.3,50.8
0.311527349,0.26482707,0.094395475,0.176864834,0.252552431,1,2048.546618,1062.207543,-1067.325553,1459.492846,3.2,16.3,12,295,11.1,41.6,2.4,15.6,62,206,11.7,43.3
0.320092027,0.326585369,0.241550638,0.211871424,0.115543014,1,2048.546618,1062.207543,-534.9494546,2153.127533,3.2,16.3,12,295,11.1,41.6,-4.5,13.4,48,180,10.9,53.7
0.347799128,0.444217159,0.391512956,0.178027873,0.121398341,1,2048.546618,1062.207543,-2101.183665,2731.513395,3.2,16.3,12,295,11.1,41.6,-3.4,9.3,35,109,11,41
0.312954825,0.472553526,0.296881282,0.313613946,0.101508803,1,2048.546618,1062.207543,-445.8753816,1947.907655,3.2,16.3,12,295,11.1,41.6,-3.3,13.7,48,222,10.1,50.1
0.203642271,0.121953363,0.028519469,0.050645058,0.078925983,1,-917.4329518,1919.05922,-2817.269214,3726.866322,0,15,57,217,12.5,49.2,-4.6,13.6,51,154,9.3,47.5
0.127812742,0.088627537,0.032831942,0.03488953,0.079791327,1,-917.4329518,1919.05922,99.03966564,1807.763155,0,15,57,217,12.5,49.2,-4.4,13.1,48,202,10.7,51.9
0.1662517,0.159183874,0.029355249,0.095379533,0.053044139,1,-917.4329518,1919.05922,-1395.927399,1780.301275,0,15,57,217,12.5,49.2,1.8,13.2,44,233,12,39.5
0.141360443,0.097611346,0.006506218,0.083000862,0.060449555,1,-917.4329518,1919.05922,-206.1196358,1462.084383,0,15,57,217,12.5,49.2,0.3,16.7,51,203,9.5,48.4
0.135594429,0.074120819,0.011579008,0.085759919,0.030434789,1,-917.4329518,1919.05922,-1066.543011,2393.759537,0,15,57,217,12.5,49.2,-3.3,13.9,36,133,10.5,50.7
0.15973066,0.258036647,0.405089562,0.039941279,0.144861996,1,-917.4329518,1919.05922,-1664.200218,3493.36477,0,15,57,217,12.5,49.2,-9.2,11.4,42,93,9.3,51.2
0.281747189,0.256412143,0.157850464,0.125609082,0.040091598,1,-917.4329518,1919.05922,1585.576093,2245.811056,0,15,57,217,12.5,49.2,-5.6,9.3,29,175,8.9,44.4
0.499957373,0.536405308,0.347592334,0.591995995,0.136559857,1,-917.4329518,1919.05922,1866.055322,1698.872071,0,15,57,217,12.5,49.2,-3.6,11.4,28,306,10.7,46.4
0.139879627,0.099471795,0.012155989,0.155601502,0.070774319,1,-917.4329518,1919.05922,-564.6831192,1514.882574,0,15,57,217,12.5,49.2,0.1,15.8,48,195,12.1,50.5
0.14517621,0.101151886,0.012779098,0.236970154,0.08316223,1,-917.4329518,1919.05922,-426.7698953,1216.374288,0,15,57,217,12.5,49.2,1.5,16.8,51,186,12,48.9
0.460039414,0.413588378,0.213369659,0.161714532,0.360669767,1,-917.4329518,1919.05922,1824.687253,1541.520674,0,15,57,217,12.5,49.2,-2.1,12.5,25,334,11.1,46.1
0.337997658,0.280748886,0.035517472,0.108002313,0.157428788,1,-917.4329518,1919.05922,1983.805474,1248.076615,0,15,57,217,12.5,49.2,2.1,15,15,302,10.8,41.6
0.291684825,0.296260873,0.127972413,0.054285454,0.095410049,1,-917.4329518,1919.05922,-3153.883063,3997.134713,0,15,57,217,12.5,49.2,-3.6,9.1,62,168,7.6,33.6
0.174388106,0.175563518,0.138779639,0.032885792,0.292535891,1,-917.4329518,1919.05922,-1478.058372,3049.382989,0,15,57,217,12.5,49.2,-5.8,14,48,141,11,53.1
0.14218742,0.147987114,0.028275351,0.335430696,0.117730331,1,-917.4329518,1919.05922,-149.4650633,1065.28304,0,15,57,217,12.5,49.2,3,18.5,55,219,11.7,48.7
0.214590091,0.17571044,0.011038464,0.018340025,0.153987313,1,-917.4329518,1919.05922,1255.675587,1059.596183,0,15,57,217,12.5,49.2,0.8,15,30,312,11.3,46.2
0.753846617,0.351941315,0.110708674,0.389974332,0.142224954,1,-917.4329518,1919.05922,2245.349458,1139.797348,0,15,57,217,12.5,49.2,5.2,17.2,12,257,9.2,36.8
0.160608307,0.078150654,0.018801951,0.06421574,0.042031615,1,-917.4329518,1919.05922,305.0026349,1126.635862,0,15,57,217,12.5,49.2,0.7,16.2,36,279,11.3,49.2
0.119209913,0.078053031,0.008448667,0.066081204,0.069822099,1,-917.4329518,1919.05922,-489.7474458,1773.978036,0,15,57,217,12.5,49.2,-1.8,14.7,49,222,11.3,50.8
0.135967543,0.088302947,0.029241608,0.084070348,0.051137002,1,-917.4329518,1919.05922,-1067.325553,1459.492846,0,15,57,217,12.5,49.2,2.4,15.6,62,206,11.7,43.3
0.150515474,0.079343003,0.014947547,0.049818341,0.087461277,1,-917.4329518,1919.05922,-534.9494546,2153.127533,0,15,57,217,12.5,49.2,-4.5,13.4,48,180,10.9,53.7
0.178944327,0.136030779,0.056842659,0.05139311,0.119216318,1,-917.4329518,1919.05922,-2101.183665,2731.513395,0,15,57,217,12.5,49.2,-3.4,9.3,35,109,11,41
0.181202385,0.146076869,0.024787341,0.172913624,0.075003681,1,-917.4329518,1919.05922,-445.8753816,1947.907655,0,15,57,217,12.5,49.2,-3.3,13.7,48,222,10.1,50.1
0.179738574,0.124816483,0.006833993,0.079663284,0.07334566,1,-2817.269214,3726.866322,99.03966564,1807.763155,-4.6,13.6,51,154,9.3,47.5,-4.4,13.1,48,202,10.7,51.9
0.210397719,0.25308357,0.041658938,0.213412428,0.049171489,1,-2817.269214,3726.866322,-1395.927399,1780.301275,-4.6,13.6,51,154,9.3,47.5,1.8,13.2,44,233,12,39.5
0.212141533,0.185975919,0.031177771,0.229800622,0.097488161,1,-2817.269214,3726.866322,-206.1196358,1462.084383,-4.6,13.6,51,154,9.3,47.5,0.3,16.7,51,203,9.5,48.4
0.167182521,0.123495845,0.012171659,0.130948415,0.049590463,1,-2817.269214,3726.866322,-1066.543011,2393.759537,-4.6,13.6,51,154,9.3,47.5,-3.3,13.9,36,133,10.5,50.7
0.158690456,0.233756836,0.349769503,0.04579375,0.17835384,1,-2817.269214,3726.866322,-1664.200218,3493.36477,-4.6,13.6,51,154,9.3,47.5,-9.2,11.4,42,93,9.3,51.2
0.358265084,0.404190572,0.273326579,0.261882715,0.139540345,1,-2817.269214,3726.866322,1585.576093,2245.811056,-4.6,13.6,51,154,9.3,47.5,-5.6,9.3,29,175,8.9,44.4
0.639084153,0.737846779,0.49312289,0.781307634,0.295754043,1,-2817.269214,3726.866322,1866.055322,1698.872071,-4.6,13.6,51,154,9.3,47.5,-3.6,11.4,28,306,10.7,46.4
0.18682292,0.160024573,0.011160587,0.291580048,0.141444047,1,-2817.269214,3726.866322,-564.6831192,1514.882574,-4.6,13.6,51,154,9.3,47.5,0.1,15.8,48,195,12.1,50.5
0.193834879,0.199586985,0.016035594,0.364076186,0.211088251,1,-2817.269214,3726.866322,-426.7698953,1216.374288,-4.6,13.6,51,154,9.3,47.5,1.5,16.8,51,186,12,48.9
0.573680851,0.543573816,0.332648216,0.258679408,0.412598548,1,-2817.269214,3726.866322,1824.687253,1541.520674,-4.6,13.6,51,154,9.3,47.5,-2.1,12.5,25,334,11.1,46.1
0.419827794,0.40713894,0.093830453,0.191374276,0.231982187,1,-2817.269214,3726.866322,1983.805474,1248.076615,-4.6,13.6,51,154,9.3,47.5,2.1,15,15,302,10.8,41.6
0.259888107,0.219365832,0.069592213,0.122673579,0.031046939,1,-2817.269214,3726.866322,-3153.883063,3997.134713,-4.6,13.6,51,154,9.3,47.5,-3.6,9.1,62,168,7.6,33.6
0.149452421,0.143615925,0.056978358,0.031626174,0.241548584,1,-2817.269214,3726.866322,-1478.058372,3049.382989,-4.6,13.6,51,154,9.3,47.5,-5.8,14,48,141,11,53.1
0.198932224,0.256157661,0.079285834,0.533085905,0.203706284,1,-2817.269214,3726.866322,-149.4650633,1065.28304,-4.6,13.6,51,154,9.3,47.5,3,18.5,55,219,11.7,48.7
0.283357705,0.254052841,0.060575916,0.073588777,0.185278089,1,-2817.269214,3726.866322,1255.675587,1059.596183,-4.6,13.6,51,154,9.3,47.5,0.8,15,30,312,11.3,46.2
0.894155473,0.493129421,0.191477062,0.59100677,0.130780362,1,-2817.269214,3726.866322,2245.349458,1139.797348,-4.6,13.6,51,154,9.3,47.5,5.2,17.2,12,257,9.2,36.8
0.224258569,0.152214489,0.07236921,0.134255921,0.047848599,1,-2817.269214,3726.866322,305.0026349,1126.635862,-4.6,13.6,51,154,9.3,47.5,0.7,16.2,36,279,11.3,49.2
0.186156993,0.150869147,0.036419298,0.174042149,0.124973895,1,-2817.269214,3726.866322,-489.7474458,1773.978036,-4.6,13.6,51,154,9.3,47.5,-1.8,14.7,49,222,11.3,50.8
0.197417104,0.190786771,0.097430342,0.179732629,0.154261585,1,-2817.269214,3726.866322,-1067.325553,1459.492846,-4.6,13.6,51,154,9.3,47.5,2.4,15.6,62,206,11.7,43.3
0.195613811,0.124703019,0.013005973,0.034895134,0.125032256,1,-2817.269214,3726.866322,-534.9494546,2153.127533,-4.6,13.6,51,154,9.3,47.5,-4.5,13.4,48,180,10.9,53.7
0.16702534,0.131770576,0.011460473,0.019113171,0.10002411,1,-2817.269214,3726.866322,-2101.183665,2731.513395,-4.6,13.6,51,154,9.3,47.5,-3.4,9.3,35,109,11,41
0.237643585,0.177009127,0.00563309,0.307368175,0.132473068,1,-2817.269214,3726.866322,-445.8753816,1947.907655,-4.6,13.6,51,154,9.3,47.5,-3.3,13.7,48,222,10.1,50.1
0.146367643,0.212480206,0.046772118,0.083025679,0.0596479,1,99.03966564,1807.763155,-1395.927399,1780.301275,-4.4,13.1,48,202,10.7,51.9,1.8,13.2,44,233,12,39.5
0.115683997,0.142913765,0.034146729,0.140780818,0.108642066,1,99.03966564,1807.763155,-206.1196358,1462.084383,-4.4,13.1,48,202,10.7,51.9,0.3,16.7,51,203,9.5,48.4
0.107710645,0.105993171,0.016974897,0.019706428,0.08204347,1,99.03966564,1807.763155,-1066.543011,2393.759537,-4.4,13.1,48,202,10.7,51.9,-3.3,13.9,36,133,10.5,50.7
0.133994946,0.240926072,0.3634657,0.033638444,0.297449078,1,99.03966564,1807.763155,-1664.200218,3493.36477,-4.4,13.1,48,202,10.7,51.9,-9.2,11.4,42,93,9.3,51.2
0.297513686,0.3391105,0.301011819,0.188079044,0.076903528,1,99.03966564,1807.763155,1585.576093,2245.811056,-4.4,13.1,48,202,10.7,51.9,-5.6,9.3,29,175,8.9,44.4
0.525480301,0.635279286,0.526828262,0.656601105,0.203116432,1,99.03966564,1807.763155,1866.055322,1698.872071,-4.4,13.1,48,202,10.7,51.9,-3.6,11.4,28,306,10.7,46.4
0.102436112,0.10106116,0.013567308,0.130518203,0.13068535,1,99.03966564,1807.763155,-564.6831192,1514.882574,-4.4,13.1,48,202,10.7,51.9,0.1,15.8,48,195,12.1,50.5
0.108885317,0.120374914,0.020531938,0.150991401,0.156815879,1,99.03966564,1807.763155,-426.7698953,1216.374288,-4.4,13.1,48,202,10.7,51.9,1.5,16.8,51,186,12,48.9
0.490737873,0.518172938,0.366019203,0.261573829,0.229235696,1,99.03966564,1807.763155,1824.687253,1541.520674,-4.4,13.1,48,202,10.7,51.9,-2.1,12.5,25,334,11.1,46.1
0.327519638,0.325362569,0.109354365,0.199263087,0.127448719,1,99.03966564,1807.763155,1983.805474,1248.076615,-4.4,13.1,48,202,10.7,51.9,2.1,15,15,302,10.8,41.6
0.264752499,0.29125609,0.092475035,0.014590295,0.133534364,1,99.03966564,1807.763155,-3153.883063,3997.134713,-4.4,13.1,48,202,10.7,51.9,-3.6,9.1,62,168,7.6,33.6
0.147922062,0.193629643,0.05790544,0.047055834,0.437923053,1,99.03966564,1807.763155,-1478.058372,3049.382989,-4.4,13.1,48,202,10.7,51.9,-5.8,14,48,141,11,53.1
0.124864917,0.186122735,0.089163689,0.34458453,0.076629887,1,99.03966564,1807.763155,-149.4650633,1065.28304,-4.4,13.1,48,202,10.7,51.9,3,18.5,55,219,11.7,48.7
0.198193951,0.184266801,0.064370139,0.017133203,0.068165689,1,99.03966564,1807.763155,1255.675587,1059.596183,-4.4,13.1,48,202,10.7,51.9,0.8,15,30,312,11.3,46.2
0.839020566,0.464749796,0.213268174,0.476129642,0.097869129,1,99.03966564,1807.763155,2245.349458,1139.797348,-4.4,13.1,48,202,10.7,51.9,5.2,17.2,12,257,9.2,36.8
0.13753035,0.121584377,0.08262489,0.024940385,0.070883461,1,99.03966564,1807.763155,305.0026349,1126.635862,-4.4,13.1,48,202,10.7,51.9,0.7,16.2,36,279,11.3,49.2
0.107205863,0.117952053,0.044067933,0.080612352,0.08231227,1,99.03966564,1807.763155,-489.7474458,1773.978036,-4.4,13.1,48,202,10.7,51.9,-1.8,14.7,49,222,11.3,50.8
0.124206917,0.148496494,0.111908166,0.046703546,0.165636673,1,99.03966564,1807.763155,-1067.325553,1459.492846,-4.4,13.1,48,202,10.7,51.9,2.4,15.6,62,206,11.7,43.3
0.115415975,0.098518065,0.017063892,0.05269786,0.091142461,1,99.03966564,1807.763155,-534.9494546,2153.127533,-4.4,13.1,48,202,10.7,51.9,-4.5,13.4,48,180,10.9,53.7
0.172601845,0.115083794,0.012274732,0.086856341,0.077624835,1,99.03966564,1807.763155,-2101.183665,2731.513395,-4.4,13.1,48,202,10.7,51.9,-3.4,9.3,35,109,11,41
0.139895586,0.140982801,0.010504037,0.105285382,0.051711351,1,99.03966564,1807.763155,-445.8753816,1947.907655,-4.4,13.1,48,202,10.7,51.9,-3.3,13.7,48,222,10.1,50.1
0.167733543,0.227845997,0.041508229,0.069457448,0.042911356,1,-1395.927399,1780.301275,-206.1196358,1462.084383,1.8,13.2,44,233,12,39.5,0.3,16.7,51,203,9.5,48.4
0.153324172,0.211817308,0.035723449,0.088454589,0.039762488,1,-1395.927399,1780.301275,-1066.543011,2393.759537,1.8,13.2,44,233,12,39.5,-3.3,13.9,36,133,10.5,50.7
0.188062815,0.37976909,0.469198014,0.130757783,0.154327211,1,-1395.927399,1780.301275,-1664.200218,3493.36477,1.8,13.2,44,233,12,39.5,-9.2,11.4,42,93,9.3,51.2
0.344511968,0.381589695,0.224072361,0.112025234,0.090923966,1,-1395.927399,1780.301275,1585.576093,2245.811056,1.8,13.2,44,233,12,39.5,-5.6,9.3,29,175,8.9,44.4
0.581806501,0.712690714,0.435801169,0.714616699,0.14799129,1,-1395.927399,1780.301275,1866.055322,1698.872071,1.8,13.2,44,233,12,39.5,-3.6,11.4,28,306,10.7,46.4
0.156870485,0.210154624,0.034504046,0.018824582,0.057174082,1,-1395.927399,1780.301275,-564.6831192,1514.882574,1.8,13.2,44,233,12,39.5,0.1,15.8,48,195,12.1,50.5
0.158849513,0.150483177,0.027780099,0.058628688,0.094938339,1,-1395.927399,1780.301275,-426.7698953,1216.374288,1.8,13.2,44,233,12,39.5,1.5,16.8,51,186,12,48.9
0.532788086,0.551228029,0.28338212,0.205417395,0.385242042,1,-1395.927399,1780.301275,1824.687253,1541.520674,1.8,13.2,44,233,12,39.5,-2.1,12.5,25,334,11.1,46.1
0.39353107,0.408469393,0.07026824,0.184138907,0.112250061,1,-1395.927399,1780.301275,1983.805474,1248.076615,1.8,13.2,44,233,12,39.5,2.1,15,15,302,10.8,41.6
0.301966042,0.355799589,0.144599906,0.037166707,0.064993886,1,-1395.927399,1780.301275,-3153.883063,3997.134713,1.8,13.2,44,233,12,39.5,-3.6,9.1,62,168,7.6,33.6
0.189876094,0.299183265,0.161617648,0.195441861,0.27381607,1,-1395.927399,1780.301275,-1478.058372,3049.382989,1.8,13.2,44,233,12,39.5,-5.8,14,48,141,11,53.1
0.171593536,0.238155825,0.063303357,0.120825194,0.124750657,1,-1395.927399,1780.301275,-149.4650633,1065.28304,1.8,13.2,44,233,12,39.5,3,18.5,55,219,11.7,48.7
0.232789794,0.310796399,0.044011323,0.06960958,0.13451492,1,-1395.927399,1780.301275,1255.675587,1059.596183,1.8,13.2,44,233,12,39.5,0.8,15,30,312,11.3,46.2
0.826493254,0.420921245,0.142360216,0.266376784,0.134391488,1,-1395.927399,1780.301275,2245.349458,1139.797348,1.8,13.2,44,233,12,39.5,5.2,17.2,12,257,9.2,36.8
0.19413769,0.19631176,0.052655318,0.041441205,0.048889881,1,-1395.927399,1780.301275,305.0026349,1126.635862,1.8,13.2,44,233,12,39.5,0.7,16.2,36,279,11.3,49.2
0.154227822,0.17931141,0.0328427,0.097044411,0.048726121,1,-1395.927399,1780.301275,-489.7474458,1773.978036,1.8,13.2,44,233,12,39.5,-1.8,14.7,49,222,11.3,50.8
0.134469346,0.158995047,0.059760015,0.030991965,0.080481742,1,-1395.927399,1780.301275,-1067.325553,1459.492846,1.8,13.2,44,233,12,39.5,2.4,15.6,62,206,11.7,43.3
0.165126902,0.217428543,0.032044647,0.188927047,0.057735866,1,-1395.927399,1780.301275,-534.9494546,2153.127533,1.8,13.2,44,233,12,39.5,-4.5,13.4,48,180,10.9,53.7
0.202541848,0.245101437,0.07346257,0.2089649,0.093623764,1,-1395.927399,1780.301275,-2101.183665,2731.513395,1.8,13.2,44,233,12,39.5,-3.4,9.3,35,109,11,41
0.202935547,0.210285572,0.032011632,0.061923691,0.075110388,1,-1395.927399,1780.301275,-445.8753816,1947.907655,1.8,13.2,44,233,12,39.5,-3.3,13.7,48,222,10.1,50.1
0.140981936,0.110726284,0.010716783,0.204302333,0.04773928,1,-206.1196358,1462.084383,-1066.543011,2393.759537,0.3,16.7,51,203,9.5,48.4,-3.3,13.9,36,133,10.5,50.7
0.150228664,0.280237255,0.411891885,0.195214984,0.112526606,1,-206.1196358,1462.084383,-1664.200218,3493.36477,0.3,16.7,51,203,9.5,48.4,-9.2,11.4,42,93,9.3,51.2
0.315268381,0.296775896,0.172992426,0.046219481,0.091901938,1,-206.1196358,1462.084383,1585.576093,2245.811056,0.3,16.7,51,203,9.5,48.4,-5.6,9.3,29,175,8.9,44.4
0.575429718,0.597084602,0.37326026,0.606236354,0.106412416,1,-206.1196358,1462.084383,1866.055322,1698.872071,0.3,16.7,51,203,9.5,48.4,-3.6,11.4,28,306,10.7,46.4
0.126203762,0.092165616,0.011806725,0.088036114,0.029871003,1,-206.1196358,1462.084383,-564.6831192,1514.882574,0.3,16.7,51,203,9.5,48.4,0.1,15.8,48,195,12.1,50.5
0.123812405,0.137413209,0.010438203,0.221367706,0.086150744,1,-206.1196358,1462.084383,-426.7698953,1216.374288,0.3,16.7,51,203,9.5,48.4,1.5,16.8,51,186,12,48.9
0.504812967,0.45544711,0.227085431,0.117457768,0.417765444,1,-206.1196358,1462.084383,1824.687253,1541.520674,0.3,16.7,51,203,9.5,48.4,-2.1,12.5,25,334,11.1,46.1
0.353176039,0.323935844,0.040023092,0.088704673,0.131756149,1,-206.1196358,1462.084383,1983.805474,1248.076615,0.3,16.7,51,203,9.5,48.4,2.1,15,15,302,10.8,41.6
0.278415005,0.363503147,0.143947998,0.122941437,0.074027667,1,-206.1196358,1462.084383,-3153.883063,3997.134713,0.3,16.7,51,203,9.5,48.4,-3.6,9.1,62,168,7.6,33.6
0.161331699,0.225683371,0.131996933,0.189791228,0.23357255,1,-206.1196358,1462.084383,-1478.058372,3049.382989,0.3,16.7,51,203,9.5,48.4,-5.8,14,48,141,11,53.1
0.141640582,0.161990517,0.023458685,0.143532218,0.113699523,1,-206.1196358,1462.084383,-149.4650633,1065.28304,0.3,16.7,51,203,9.5,48.4,3,18.5,55,219,11.7,48.7
0.209383803,0.170056382,0.016136446,0.098498011,0.143105939,1,-206.1196358,1462.084383,1255.675587,1059.596183,0.3,16.7,51,203,9.5,48.4,0.8,15,30,312,11.3,46.2
0.857568091,0.380772073,0.12712312,0.157082647,0.124181177,1,-206.1196358,1462.084383,2245.349458,1139.797348,0.3,16.7,51,203,9.5,48.4,5.2,17.2,12,257,9.2,36.8
0.15089986,0.110854528,0.024859907,0.136583431,0.084149953,1,-206.1196358,1462.084383,305.0026349,1126.635862,0.3,16.7,51,203,9.5,48.4,0.7,16.2,36,279,11.3,49.2
0.123892253,0.12045561,0.007649899,0.075666542,0.040725428,1,-206.1196358,1462.084383,-489.7474458,1773.978036,0.3,16.7,51,203,9.5,48.4,-1.8,14.7,49,222,11.3,50.8
0.135484481,0.138462853,0.034751728,0.096142411,0.082080688,1,-206.1196358,1462.084383,-1067.325553,1459.492846,0.3,16.7,51,203,9.5,48.4,2.4,15.6,62,206,11.7,43.3
0.130115819,0.134353841,0.0154052,0.22955866,0.067672791,1,-206.1196358,1462.084383,-534.9494546,2153.127533,0.3,16.7,51,203,9.5,48.4,-4.5,13.4,48,180,10.9,53.7
0.196701534,0.180249982,0.055316697,0.228087389,0.073135865,1,-206.1196358,1462.084383,-2101.183665,2731.513395,0.3,16.7,51,203,9.5,48.4,-3.4,9.3,35,109,11,41
0.165404403,0.163963853,0.035233298,0.175580269,0.088601029,1,-206.1196358,1462.084383,-445.8753816,1947.907655,0.3,16.7,51,203,9.5,48.4,-3.3,13.7,48,222,10.1,50.1
0.12910651,0.225871318,0.357295791,0.056553627,0.125440189,1,-1066.543011,2393.759537,-1664.200218,3493.36477,-3.3,13.9,36,133,10.5,50.7,-9.2,11.4,42,93,9.3,51.2
0.310049368,0.310498825,0.196361515,0.24724589,0.070641017,1,-1066.543011,2393.759537,1585.576093,2245.811056,-3.3,13.9,36,133,10.5,50.7,-5.6,9.3,29,175,8.9,44.4
0.543164445,0.584051737,0.398850511,0.703868046,0.174787645,1,-1066.543011,2393.759537,1866.055322,1698.872071,-3.3,13.9,36,133,10.5,50.7,-3.6,11.4,28,306,10.7,46.4
0.096027331,0.088773858,0.006707633,0.127677365,0.073720216,1,-1066.543011,2393.759537,-564.6831192,1514.882574,-3.3,13.9,36,133,10.5,50.7,0.1,15.8,48,195,12.1,50.5
0.126706453,0.106570871,0.007250425,0.111951909,0.132649158,1,-1066.543011,2393.759537,-426.7698953,1216.374288,-3.3,13.9,36,133,10.5,50.7,1.5,16.8,51,186,12,48.9
0.52237197,0.464831604,0.256526737,0.340829165,0.360499185,1,-1066.543011,2393.759537,1824.687253,1541.520674,-3.3,13.9,36,133,10.5,50.7,-2.1,12.5,25,334,11.1,46.1
0.348410281,0.313387293,0.049782653,0.281768222,0.147089751,1,-1066.543011,2393.759537,1983.805474,1248.076615,-3.3,13.9,36,133,10.5,50.7,2.1,15,15,302,10.8,41.6
0.262752837,0.284120298,0.121818109,0.017108934,0.073809118,1,-1066.543011,2393.759537,-3153.883063,3997.134713,-3.3,13.9,36,133,10.5,50.7,-3.6,9.1,62,168,7.6,33.6
0.130349641,0.171030733,0.092657978,0.103006639,0.237702205,1,-1066.543011,2393.759537,-1478.058372,3049.382989,-3.3,13.9,36,133,10.5,50.7,-5.8,14,48,141,11,53.1
0.125009713,0.167049965,0.03924685,0.366915768,0.151914936,1,-1066.543011,2393.759537,-149.4650633,1065.28304,-3.3,13.9,36,133,10.5,50.7,3,18.5,55,219,11.7,48.7
0.189895643,0.151458924,0.028211961,0.047360763,0.154259942,1,-1066.543011,2393.759537,1255.675587,1059.596183,-3.3,13.9,36,133,10.5,50.7,0.8,15,30,312,11.3,46.2
0.848259134,0.427919711,0.141947234,0.552151881,0.122284885,1,-1066.543011,2393.759537,2245.349458,1139.797348,-3.3,13.9,36,133,10.5,50.7,5.2,17.2,12,257,9.2,36.8
0.136776308,0.089415003,0.033785339,0.019765494,0.020577018,1,-1066.543011,2393.759537,305.0026349,1126.635862,-3.3,13.9,36,133,10.5,50.7,0.7,16.2,36,279,11.3,49.2
0.1071364,0.099129648,0.012310627,0.113061024,0.065532304,1,-1066.543011,2393.759537,-489.7474458,1773.978036,-3.3,13.9,36,133,10.5,50.7,-1.8,14.7,49,222,11.3,50.8
0.123991454,0.107856352,0.053626854,0.050124978,0.066968548,1,-1066.543011,2393.759537,-1067.325553,1459.492846,-3.3,13.9,36,133,10.5,50.7,2.4,15.6,62,206,11.7,43.3
0.122964974,0.081301614,0.003543381,0.083814297,0.073847655,1,-1066.543011,2393.759537,-534.9494546,2153.127533,-3.3,13.9,36,133,10.5,50.7,-4.5,13.4,48,180,10.9,53.7
0.157571805,0.152738995,0.032682499,0.141136828,0.092774904,1,-1066.543011,2393.759537,-2101.183665,2731.513395,-3.3,13.9,36,133,10.5,50.7,-3.4,9.3,35,109,11,41
0.144990082,0.152241275,0.01851134,0.076479482,0.094150717,1,-1066.543011,2393.759537,-445.8753816,1947.907655,-3.3,13.9,36,133,10.5,50.7,-3.3,13.7,48,222,10.1,50.1
0.313457597,0.58949685,0.797722023,0.248519837,0.237727007,1,-1664.200218,3493.36477,1585.576093,2245.811056,-9.2,11.4,42,93,9.3,51.2,-5.6,9.3,29,175,8.9,44.4
0.567721468,0.972266367,1,0.819986573,0.274391046,1,-1664.200218,3493.36477,1866.055322,1698.872071,-9.2,11.4,42,93,9.3,51.2,-3.6,11.4,28,306,10.7,46.4
0.132646599,0.235618542,0.337719377,0.208405531,0.142736844,1,-1664.200218,3493.36477,-564.6831192,1514.882574,-9.2,11.4,42,93,9.3,51.2,0.1,15.8,48,195,12.1,50.5
0.147695373,0.261439726,0.359089437,0.245192433,0.192870887,1,-1664.200218,3493.36477,-426.7698953,1216.374288,-9.2,11.4,42,93,9.3,51.2,1.5,16.8,51,186,12,48.9
0.5299409,0.798181276,0.79813077,0.28468941,0.780751304,1,-1664.200218,3493.36477,1824.687253,1541.520674,-9.2,11.4,42,93,9.3,51.2,-2.1,12.5,25,334,11.1,46.1
0.36518293,0.529719471,0.510001489,0.230757933,0.371654086,1,-1664.200218,3493.36477,1983.805474,1248.076615,-9.2,11.4,42,93,9.3,51.2,2.1,15,15,302,10.8,41.6
0.242656283,0.429923054,0.434255149,0.053906458,0.096016186,1,-1664.200218,3493.36477,-3153.883063,3997.134713,-9.2,11.4,42,93,9.3,51.2,-3.6,9.1,62,168,7.6,33.6
0.107990582,0.171201373,0.296789508,0.043339092,0.068066745,1,-1664.200218,3493.36477,-1478.058372,3049.382989,-9.2,11.4,42,93,9.3,51.2,-5.8,14,48,141,11,53.1
0.157782823,0.396014784,0.469737011,0.443395925,0.372561033,1,-1664.200218,3493.36477,-149.4650633,1065.28304,-9.2,11.4,42,93,9.3,51.2,3,18.5,55,219,11.7,48.7
0.249123549,0.351251664,0.45888469,0.050084498,0.397831576,1,-1664.200218,3493.36477,1255.675587,1059.596183,-9.2,11.4,42,93,9.3,51.2,0.8,15,30,312,11.3,46.2
0.853597124,0.655274748,0.619307849,0.561087869,0.325447074,1,-1664.200218,3493.36477,2245.349458,1139.797348,-9.2,11.4,42,93,9.3,51.2,5.2,17.2,12,257,9.2,36.8
0.171716572,0.332763929,0.503943665,0.072944576,0.19781644,1,-1664.200218,3493.36477,305.0026349,1126.635862,-9.2,11.4,42,93,9.3,51.2,0.7,16.2,36,279,11.3,49.2
0.149669684,0.288725038,0.409279829,0.156897776,0.214411245,1,-1664.200218,3493.36477,-489.7474458,1773.978036,-9.2,11.4,42,93,9.3,51.2,-1.8,14.7,49,222,11.3,50.8
0.15982962,0.323745219,0.533527608,0.121883586,0.09303712,1,-1664.200218,3493.36477,-1067.325553,1459.492846,-9.2,11.4,42,93,9.3,51.2,2.4,15.6,62,206,11.7,43.3
0.145957217,0.259938924,0.369428365,0.01548786,0.263306481,1,-1664.200218,3493.36477,-534.9494546,2153.127533,-9.2,11.4,42,93,9.3,51.2,-4.5,13.4,48,180,10.9,53.7
0.154894866,0.228206221,0.336600667,0.030993733,0.20242775,1,-1664.200218,3493.36477,-2101.183665,2731.513395,-9.2,11.4,42,93,9.3,51.2,-3.4,9.3,35,109,11,41
0.178367501,0.344727524,0.365412549,0.204139979,0.306829693,1,-1664.200218,3493.36477,-445.8753816,1947.907655,-9.2,11.4,42,93,9.3,51.2,-3.3,13.7,48,222,10.1,50.1
0.412714108,0.376309874,0.132795178,0.577760162,0.105068051,1,1585.576093,2245.811056,1866.055322,1698.872071,-5.6,9.3,29,175,8.9,44.4,-3.6,11.4,28,306,10.7,46.4
0.282132698,0.297774308,0.211571003,0.120919211,0.104711752,1,1585.576093,2245.811056,-564.6831192,1514.882574,-5.6,9.3,29,175,8.9,44.4,0.1,15.8,48,195,12.1,50.5
0.290756413,0.308503408,0.200607874,0.262717829,0.10186172,1,1585.576093,2245.811056,-426.7698953,1216.374288,-5.6,9.3,29,175,8.9,44.4,1.5,16.8,51,186,12,48.9
0.366017089,0.220016982,0.013259396,0.037599296,0.265067444,1,1585.576093,2245.811056,1824.687253,1541.520674,-5.6,9.3,29,175,8.9,44.4,-2.1,12.5,25,334,11.1,46.1
0.24792276,0.196274321,0.071994858,0.033224079,0.125947581,1,1585.576093,2245.811056,1983.805474,1248.076615,-5.6,9.3,29,175,8.9,44.4,2.1,15,15,302,10.8,41.6
0.452179156,0.644458461,0.431560495,0.170773248,0.165346877,1,1585.576093,2245.811056,-3153.883063,3997.134713,-5.6,9.3,29,175,8.9,44.4,-3.6,9.1,62,168,7.6,33.6
0.323366882,0.523671395,0.491123923,0.241170364,0.42849693,1,1585.576093,2245.811056,-1478.058372,3049.382989,-5.6,9.3,29,175,8.9,44.4,-5.8,14,48,141,11,53.1
0.29705815,0.264025636,0.097361482,0.164247341,0.08506274,1,1585.576093,2245.811056,-149.4650633,1065.28304,-5.6,9.3,29,175,8.9,44.4,3,18.5,55,219,11.7,48.7
0.302722929,0.338184328,0.112716557,0.119140469,0.12347034,1,1585.576093,2245.811056,1255.675587,1059.596183,-5.6,9.3,29,175,8.9,44.4,0.8,15,30,312,11.3,46.2
0.770110436,0.349924215,0.113885771,0.103116722,0.110547878,1,1585.576093,2245.811056,2245.349458,1139.797348,-5.6,9.3,29,175,8.9,44.4,5.2,17.2,12,257,9.2,36.8
0.299733779,0.235638909,0.090897789,0.161370468,0.083375024,1,1585.576093,2245.811056,305.0026349,1126.635862,-5.6,9.3,29,175,8.9,44.4,0.7,16.2,36,279,11.3,49.2
0.290607017,0.26616773,0.140700421,0.085642302,0.077977548,1,1585.576093,2245.811056,-489.7474458,1773.978036,-5.6,9.3,29,175,8.9,44.4,-1.8,14.7,49,222,11.3,50.8
0.320454043,0.247495166,0.073843678,0.124326886,0.104600271,1,1585.576093,2245.811056,-1067.325553,1459.492846,-5.6,9.3,29,175,8.9,44.4,2.4,15.6,62,206,11.7,43.3
0.322019475,0.316216862,0.203475116,0.281588603,0.095933303,1,1585.576093,2245.811056,-534.9494546,2153.127533,-5.6,9.3,29,175,8.9,44.4,-4.5,13.4,48,180,10.9,53.7
0.321743342,0.424847863,0.355826836,0.272801768,0.148117879,1,1585.576093,2245.811056,-2101.183665,2731.513395,-5.6,9.3,29,175,8.9,44.4,-3.4,9.3,35,109,11,41
0.326291461,0.375525499,0.260076095,0.210148312,0.054216656,1,1585.576093,2245.811056,-445.8753816,1947.907655,-5.6,9.3,29,175,8.9,44.4,-3.3,13.7,48,222,10.1,50.1
0.526672212,0.587122792,0.412464306,0.69673929,0.089630765,1,1866.055322,1698.872071,-564.6831192,1514.882574,-3.6,11.4,28,306,10.7,46.4,0.1,15.8,48,195,12.1,50.5
0.540441339,0.64759055,0.402042955,0.872820095,0.066881173,1,1866.055322,1698.872071,-426.7698953,1216.374288,-3.6,11.4,28,306,10.7,46.4,1.5,16.8,51,186,12,48.9
0.387133828,0.441752551,0.110437221,0.697314839,0.431645287,1,1866.055322,1698.872071,1824.687253,1541.520674,-3.6,11.4,28,306,10.7,46.4,-2.1,12.5,25,334,11.1,46.1
0.320668443,0.349074174,0.20634332,0.56946606,0.097204466,1,1866.055322,1698.872071,1983.805474,1248.076615,-3.6,11.4,28,306,10.7,46.4,2.1,15,15,302,10.8,41.6
0.74027666,0.978364842,0.647574611,0.698291161,0.275343664,1,1866.055322,1698.872071,-3153.883063,3997.134713,-3.6,11.4,28,306,10.7,46.4,-3.6,9.1,62,168,7.6,33.6
0.562237205,0.839719637,0.722710733,0.642107211,0.511307147,1,1866.055322,1698.872071,-1478.058372,3049.382989,-3.6,11.4,28,306,10.7,46.4,-5.8,14,48,141,11,53.1
0.521670948,0.553804902,0.267227862,0.951202027,0.110134299,1,1866.055322,1698.872071,-149.4650633,1065.28304,-3.6,11.4,28,306,10.7,46.4,3,18.5,55,219,11.7,48.7
0.514435255,0.565569591,0.28870967,0.572834924,0.159901009,1,1866.055322,1698.872071,1255.675587,1059.596183,-3.6,11.4,28,306,10.7,46.4,0.8,15,30,312,11.3,46.2
0.928497382,0.567531346,0.236483165,0.964129459,0.236310207,1,1866.055322,1698.872071,2245.349458,1139.797348,-3.6,11.4,28,306,10.7,46.4,5.2,17.2,12,257,9.2,36.8
0.539389269,0.539931977,0.264090774,0.66791091,0.226681856,1,1866.055322,1698.872071,305.0026349,1126.635862,-3.6,11.4,28,306,10.7,46.4,0.7,16.2,36,279,11.3,49.2
0.497117415,0.543953294,0.320267864,0.335974594,0.090948386,1,1866.055322,1698.872071,-489.7474458,1773.978036,-3.6,11.4,28,306,10.7,46.4,-1.8,14.7,49,222,11.3,50.8
0.537441546,0.520862342,0.241222611,0.597482719,0.134377567,1,1866.055322,1698.872071,-1067.325553,1459.492846,-3.6,11.4,28,306,10.7,46.4,2.4,15.6,62,206,11.7,43.3
0.548386928,0.573476369,0.411335054,0.749826544,0.116859754,1,1866.055322,1698.872071,-534.9494546,2153.127533,-3.6,11.4,28,306,10.7,46.4,-4.5,13.4,48,180,10.9,53.7
0.571049581,0.775734757,0.585994733,0.866075377,0.210762918,1,1866.055322,1698.872071,-2101.183665,2731.513395,-3.6,11.4,28,306,10.7,46.4,-3.4,9.3,35,109,11,41
0.553591194,0.770688052,0.470562453,0.662472876,0.124653188,1,1866.055322,1698.872071,-445.8753816,1947.907655,-3.6,11.4,28,306,10.7,46.4,-3.3,13.7,48,222,10.1,50.1
0.122267422,0.093971558,0.004108515,0.049894848,0.093247849,1,-564.6831192,1514.882574,-426.7698953,1216.374288,0.1,15.8,48,195,12.1,50.5,1.5,16.8,51,186,12,48.9
0.515365783,0.470106505,0.271042128,0.247616008,0.426383537,1,-564.6831192,1514.882574,1824.687253,1541.520674,0.1,15.8,48,195,12.1,50.5,-2.1,12.5,25,334,11.1,46.1
0.336988846,0.300464507,0.063077033,0.224222087,0.127143962,1,-564.6831192,1514.882574,1983.805474,1248.076615,0.1,15.8,48,195,12.1,50.5,2.1,15,15,302,10.8,41.6
0.24282606,0.309900498,0.102371509,0.073631412,0.124070371,1,-564.6831192,1514.882574,-3153.883063,3997.134713,0.1,15.8,48,195,12.1,50.5,-3.6,9.1,62,168,7.6,33.6
0.134963909,0.1927532,0.085378113,0.268292118,0.264886455,1,-564.6831192,1514.882574,-1478.058372,3049.382989,0.1,15.8,48,195,12.1,50.5,-5.8,14,48,141,11,53.1
0.124196842,0.141095958,0.042575274,0.087290505,0.125809662,1,-564.6831192,1514.882574,-149.4650633,1065.28304,0.1,15.8,48,195,12.1,50.5,3,18.5,55,219,11.7,48.7
0.185828023,0.158448954,0.030957192,0.117610205,0.154917541,1,-564.6831192,1514.882574,1255.675587,1059.596183,0.1,15.8,48,195,12.1,50.5,0.8,15,30,312,11.3,46.2
0.850978773,0.399279529,0.147803372,0.237318333,0.164009151,1,-564.6831192,1514.882574,2245.349458,1139.797348,0.1,15.8,48,195,12.1,50.5,5.2,17.2,12,257,9.2,36.8
0.137431133,0.12241772,0.04168564,0.073867863,0.122799617,1,-564.6831192,1514.882574,305.0026349,1126.635862,0.1,15.8,48,195,12.1,50.5,0.7,16.2,36,279,11.3,49.2
0.102824369,0.100524126,0.015476968,0.106605037,0.051390161,1,-564.6831192,1514.882574,-489.7474458,1773.978036,0.1,15.8,48,195,12.1,50.5,-1.8,14.7,49,222,11.3,50.8
0.13259929,0.116424681,0.06298576,0.03511848,0.074878274,1,-564.6831192,1514.882574,-1067.325553,1459.492846,0.1,15.8,48,195,12.1,50.5,2.4,15.6,62,206,11.7,43.3
0.11559215,0.128546891,0.009354222,0.27080352,0.080435768,1,-564.6831192,1514.882574,-534.9494546,2153.127533,0.1,15.8,48,195,12.1,50.5,-4.5,13.4,48,180,10.9,53.7
0.159986491,0.174557301,0.025599831,0.307014574,0.103862884,1,-564.6831192,1514.882574,-2101.183665,2731.513395,0.1,15.8,48,195,12.1,50.5,-3.4,9.3,35,109,11,41
0.147269968,0.162912185,0.014134978,0.047844934,0.119626202,1,-564.6831192,1514.882574,-445.8753816,1947.907655,0.1,15.8,48,195,12.1,50.5,-3.3,13.7,48,222,10.1,50.1
0.493001239,0.493820684,0.259453988,0.401842033,0.472665696,1,-426.7698953,1216.374288,1824.687253,1541.520674,1.5,16.8,51,186,12,48.9,-2.1,12.5,25,334,11.1,46.1
0.320156677,0.340621126,0.054664398,0.374554523,0.133634356,1,-426.7698953,1216.374288,1983.805474,1248.076615,1.5,16.8,51,186,12,48.9,2.1,15,15,302,10.8,41.6
0.288305633,0.299908369,0.119430543,0.083163441,0.191715373,1,-426.7698953,1216.374288,-3153.883063,3997.134713,1.5,16.8,51,186,12,48.9,-3.6,9.1,62,168,7.6,33.6
0.156342507,0.252940293,0.098687126,0.334404023,0.422330501,1,-426.7698953,1216.374288,-1478.058372,3049.382989,1.5,16.8,51,186,12,48.9,-5.8,14,48,141,11,53.1
0.133613625,0.152826361,0.034530174,0.189794059,0.119825478,1,-426.7698953,1216.374288,-149.4650633,1065.28304,1.5,16.8,51,186,12,48.9,3,18.5,55,219,11.7,48.7
0.193460238,0.197504421,0.028481989,0.164722842,0.186729477,1,-426.7698953,1216.374288,1255.675587,1059.596183,1.5,16.8,51,186,12,48.9,0.8,15,30,312,11.3,46.2
0.825552747,0.415982627,0.136071179,0.448236478,0.251573355,1,-426.7698953,1216.374288,2245.349458,1139.797348,1.5,16.8,51,186,12,48.9,5.2,17.2,12,257,9.2,36.8
0.138149975,0.12826175,0.034758301,0.076393354,0.158903833,1,-426.7698953,1216.374288,305.0026349,1126.635862,1.5,16.8,51,186,12,48.9,0.7,16.2,36,279,11.3,49.2
0.119177817,0.115282767,0.013917736,0.191851644,0.084526562,1,-426.7698953,1216.374288,-489.7474458,1773.978036,1.5,16.8,51,186,12,48.9,-1.8,14.7,49,222,11.3,50.8
0.118228417,0.113758099,0.053719391,0.064746874,0.092858447,1,-426.7698953,1216.374288,-1067.325553,1459.492846,1.5,16.8,51,186,12,48.9,2.4,15.6,62,206,11.7,43.3
0.121580133,0.14451775,0.012279437,0.318250981,0.118284364,1,-426.7698953,1216.374288,-534.9494546,2153.127533,1.5,16.8,51,186,12,48.9,-4.5,13.4,48,180,10.9,53.7
0.165576978,0.199728902,0.036233341,0.37180564,0.18592943,1,-426.7698953,1216.374288,-2101.183665,2731.513395,1.5,16.8,51,186,12,48.9,-3.4,9.3,35,109,11,41
0.172938504,0.117109291,0.020407141,0.04348747,0.09001503,1,-426.7698953,1216.374288,-445.8753816,1947.907655,1.5,16.8,51,186,12,48.9,-3.3,13.7,48,222,10.1,50.1
0.293349764,0.240759735,0.110390785,0.019208016,0.246051059,1,1824.687253,1541.520674,1983.805474,1248.076615,-2.1,12.5,25,334,11.1,46.1,2.1,15,15,302,10.8,41.6
0.657244411,0.797368124,0.490215724,0.254445824,0.524011809,1,1824.687253,1541.520674,-3153.883063,3997.134713,-2.1,12.5,25,334,11.1,46.1,-3.6,9.1,62,168,7.6,33.6
0.534836895,0.73299335,0.545882328,0.281676871,1,1,1824.687253,1541.520674,-1478.058372,3049.382989,-2.1,12.5,25,334,11.1,46.1,-5.8,14,48,141,11,53.1
0.459017954,0.40185865,0.142704837,0.298864387,0.212610754,1,1824.687253,1541.520674,-149.4650633,1065.28304,-2.1,12.5,25,334,11.1,46.1,3,18.5,55,219,11.7,48.7
0.507482461,0.431614572,0.156701776,0.167389974,0.145588817,1,1824.687253,1541.520674,1255.675587,1059.596183,-2.1,12.5,25,334,11.1,46.1,0.8,15,30,312,11.3,46.2
0.903795756,0.398445956,0.121588744,0.177893567,0.202803372,1,1824.687253,1541.520674,2245.349458,1139.797348,-2.1,12.5,25,334,11.1,46.1,5.2,17.2,12,257,9.2,36.8
0.468950353,0.402475485,0.132872629,0.231372268,0.348122915,1,1824.687253,1541.520674,305.0026349,1126.635862,-2.1,12.5,25,334,11.1,46.1,0.7,16.2,36,279,11.3,49.2
0.491594969,0.446641889,0.192536229,0.173010002,0.292859146,1,1824.687253,1541.520674,-489.7474458,1773.978036,-2.1,12.5,25,334,11.1,46.1,-1.8,14.7,49,222,11.3,50.8
0.506967208,0.41611764,0.114880794,0.225592542,0.562444019,1,1824.687253,1541.520674,-1067.325553,1459.492846,-2.1,12.5,25,334,11.1,46.1,2.4,15.6,62,206,11.7,43.3
0.53260764,0.417287709,0.263561647,0.320733756,0.255751563,1,1824.687253,1541.520674,-534.9494546,2153.127533,-2.1,12.5,25,334,11.1,46.1,-4.5,13.4,48,180,10.9,53.7
0.535596689,0.575277231,0.417517361,0.264025425,0.334879051,1,1824.687253,1541.520674,-2101.183665,2731.513395,-2.1,12.5,25,334,11.1,46.1,-3.4,9.3,35,109,11,41
0.53895788,0.590787848,0.321784829,0.352556517,0.236594769,1,1824.687253,1541.520674,-445.8753816,1947.907655,-2.1,12.5,25,334,11.1,46.1,-3.3,13.7,48,222,10.1,50.1
0.510707391,0.63316619,0.232210752,0.209733811,0.27017575,1,1983.805474,1248.076615,-3153.883063,3997.134713,2.1,15,15,302,10.8,41.6,-3.6,9.1,62,168,7.6,33.6
0.364243267,0.481882508,0.249887047,0.198040933,0.583656519,1,1983.805474,1248.076615,-1478.058372,3049.382989,2.1,15,15,302,10.8,41.6,-5.8,14,48,141,11,53.1
0.305575581,0.291306161,0.015247404,0.311151214,0.070042172,1,1983.805474,1248.076615,-149.4650633,1065.28304,2.1,15,15,302,10.8,41.6,3,18.5,55,219,11.7,48.7
0.320615294,0.299149434,0.017550371,0.114318542,0.066156848,1,1983.805474,1248.076615,1255.675587,1059.596183,2.1,15,15,302,10.8,41.6,0.8,15,30,312,11.3,46.2
0.777365105,0.344583219,0.066818977,0.203732553,0.156050404,1,1983.805474,1248.076615,2245.349458,1139.797348,2.1,15,15,302,10.8,41.6,5.2,17.2,12,257,9.2,36.8
0.316255293,0.294938374,0.006424929,0.191140441,0.163549361,1,1983.805474,1248.076615,305.0026349,1126.635862,2.1,15,15,302,10.8,41.6,0.7,16.2,36,279,11.3,49.2
0.346735696,0.299631291,0.023512717,0.111358399,0.06435887,1,1983.805474,1248.076615,-489.7474458,1773.978036,2.1,15,15,302,10.8,41.6,-1.8,14.7,49,222,11.3,50.8
0.344527387,0.299251135,0.012211933,0.183545516,0.2089646,1,1983.805474,1248.076615,-1067.325553,1459.492846,2.1,15,15,302,10.8,41.6,2.4,15.6,62,206,11.7,43.3
0.328042096,0.287527838,0.054521388,0.244471554,0.039052921,1,1983.805474,1248.076615,-534.9494546,2153.127533,2.1,15,15,302,10.8,41.6,-4.5,13.4,48,180,10.9,53.7
0.373026312,0.400256953,0.149480522,0.210724482,0.168305599,1,1983.805474,1248.076615,-2101.183665,2731.513395,2.1,15,15,302,10.8,41.6,-3.4,9.3,35,109,11,41
0.366388221,0.44657169,0.089781338,0.306859577,0.091832339,1,1983.805474,1248.076615,-445.8753816,1947.907655,2.1,15,15,302,10.8,41.6,-3.3,13.7,48,222,10.1,50.1
0.25268757,0.317357483,0.118393812,0.100439527,0.136161573,1,-3153.883063,3997.134713,-1478.058372,3049.382989,-3.6,9.1,62,168,7.6,33.6,-5.8,14,48,141,11,53.1
0.264604797,0.444605019,0.217128841,0.260804759,0.238149404,1,-3153.883063,3997.134713,-149.4650633,1065.28304,-3.6,9.1,62,168,7.6,33.6,3,18.5,55,219,11.7,48.7
0.342950921,0.471202752,0.183425597,0.027442269,0.229960776,1,-3153.883063,3997.134713,1255.675587,1059.596183,-3.6,9.1,62,168,7.6,33.6,0.8,15,30,312,11.3,46.2
1,0.772818375,0.325620288,0.419710955,0.159413718,1,-3153.883063,3997.134713,2245.349458,1139.797348,-3.6,9.1,62,168,7.6,33.6,5.2,17.2,12,257,9.2,36.8
0.307357123,0.331202779,0.205994476,0.008818376,0.096357294,1,-3153.883063,3997.134713,305.0026349,1126.635862,-3.6,9.1,62,168,7.6,33.6,0.7,16.2,36,279,11.3,49.2
0.274506671,0.310274334,0.156445196,0.086978503,0.142751627,1,-3153.883063,3997.134713,-489.7474458,1773.978036,-3.6,9.1,62,168,7.6,33.6,-1.8,14.7,49,222,11.3,50.8
0.294455434,0.37421534,0.233211536,0.022729377,0.133360274,1,-3153.883063,3997.134713,-1067.325553,1459.492846,-3.6,9.1,62,168,7.6,33.6,2.4,15.6,62,206,11.7,43.3
0.285260194,0.30705764,0.123297782,0.094570748,0.154941769,1,-3153.883063,3997.134713,-534.9494546,2153.127533,-3.6,9.1,62,168,7.6,33.6,-4.5,13.4,48,180,10.9,53.7
0.303059597,0.296501819,0.077416573,0.125783064,0.096675789,1,-3153.883063,3997.134713,-2101.183665,2731.513395,-3.6,9.1,62,168,7.6,33.6,-3.4,9.3,35,109,11,41
0.293635649,0.270757457,0.062552828,0.061321661,0.184774492,1,-3153.883063,3997.134713,-445.8753816,1947.907655,-3.6,9.1,62,168,7.6,33.6,-3.3,13.7,48,222,10.1,50.1
0.151311916,0.341453135,0.216857658,0.500743055,0.584369847,1,-1478.058372,3049.382989,-149.4650633,1065.28304,-5.8,14,48,141,11,53.1,3,18.5,55,219,11.7,48.7
0.221450226,0.316528423,0.195216961,0.054725918,0.570783306,1,-1478.058372,3049.382989,1255.675587,1059.596183,-5.8,14,48,141,11,53.1,0.8,15,30,312,11.3,46.2
0.877690691,0.586997048,0.365478593,0.584148485,0.433046138,1,-1478.058372,3049.382989,2245.349458,1139.797348,-5.8,14,48,141,11,53.1,5.2,17.2,12,257,9.2,36.8
0.170661627,0.243724814,0.221762973,0.117351012,0.332802562,1,-1478.058372,3049.382989,305.0026349,1126.635862,-5.8,14,48,141,11,53.1,0.7,16.2,36,279,11.3,49.2
0.145765844,0.204880602,0.151831901,0.123576457,0.371258433,1,-1478.058372,3049.382989,-489.7474458,1773.978036,-5.8,14,48,141,11,53.1,-1.8,14.7,49,222,11.3,50.8
0.166568231,0.244183956,0.259336821,0.146800102,0.245205452,1,-1478.058372,3049.382989,-1067.325553,1459.492846,-5.8,14,48,141,11,53.1,2.4,15.6,62,206,11.7,43.3
0.138451292,0.202684262,0.097834268,0.022639813,0.423726635,1,-1478.058372,3049.382989,-534.9494546,2153.127533,-5.8,14,48,141,11,53.1,-4.5,13.4,48,180,10.9,53.7
0.145948306,0.157546091,0.029771213,0.038566724,0.278792729,1,-1478.058372,3049.382989,-2101.183665,2731.513395,-5.8,14,48,141,11,53.1,-3.4,9.3,35,109,11,41
0.181439375,0.27721668,0.079444627,0.262233821,0.516483933,1,-1478.058372,3049.382989,-445.8753816,1947.907655,-5.8,14,48,141,11,53.1,-3.3,13.7,48,222,10.1,50.1
0.180952259,0.19141535,0.013019132,0.307505267,0.041693968,1,-149.4650633,1065.28304,1255.675587,1059.596183,3,18.5,55,219,11.7,48.7,0.8,15,30,312,11.3,46.2
0.816573354,0.304376063,0.091220825,0.14959992,0.135979263,1,-149.4650633,1065.28304,2245.349458,1139.797348,3,18.5,55,219,11.7,48.7,5.2,17.2,12,257,9.2,36.8
0.1172755,0.1303182,0.0091681,0.267318219,0.14817431,1,-149.4650633,1065.28304,305.0026349,1126.635862,3,18.5,55,219,11.7,48.7,0.7,16.2,36,279,11.3,49.2
0.120150127,0.143624251,0.015420047,0.270306143,0.07182228,1,-149.4650633,1065.28304,-489.7474458,1773.978036,3,18.5,55,219,11.7,48.7,-1.8,14.7,49,222,11.3,50.8
0.142815856,0.145533569,0.016858878,0.187509435,0.212735025,1,-149.4650633,1065.28304,-1067.325553,1459.492846,3,18.5,55,219,11.7,48.7,2.4,15.6,62,206,11.7,43.3
0.127576599,0.172539406,0.042906632,0.526344635,0.066626253,1,-149.4650633,1065.28304,-534.9494546,2153.127533,3,18.5,55,219,11.7,48.7,-4.5,13.4,48,180,10.9,53.7
0.18099739,0.272372448,0.124402837,0.528518555,0.122456875,1,-149.4650633,1065.28304,-2101.183665,2731.513395,3,18.5,55,219,11.7,48.7,-3.4,9.3,35,109,11,41
0.165370597,0.229464236,0.078158213,0.238097725,0.047395518,1,-149.4650633,1065.28304,-445.8753816,1947.907655,3,18.5,55,219,11.7,48.7,-3.3,13.7,48,222,10.1,50.1
0.833836391,0.423195984,0.072625189,0.383142685,0.087884641,1,1255.675587,1059.596183,2245.349458,1139.797348,0.8,15,30,312,11.3,46.2,5.2,17.2,12,257,9.2,36.8
0.182664419,0.176903327,0.005903916,0.023597513,0.158210587,1,1255.675587,1059.596183,305.0026349,1126.635862,0.8,15,30,312,11.3,46.2,0.7,16.2,36,279,11.3,49.2
0.174993632,0.178606777,0.01033651,0.046666817,0.095567753,1,1255.675587,1059.596183,-489.7474458,1773.978036,0.8,15,30,312,11.3,46.2,-1.8,14.7,49,222,11.3,50.8
0.218600118,0.182624413,0.014497784,0.044886129,0.2548153,1,1255.675587,1059.596183,-1067.325553,1459.492846,0.8,15,30,312,11.3,46.2,2.4,15.6,62,206,11.7,43.3
0.207254661,0.169763801,0.030369381,0.065586438,0.073156782,1,1255.675587,1059.596183,-534.9494546,2153.127533,0.8,15,30,312,11.3,46.2,-4.5,13.4,48,180,10.9,53.7
0.232832546,0.22495215,0.102419689,0.08606269,0.08713228,1,1255.675587,1059.596183,-2101.183665,2731.513395,0.8,15,30,312,11.3,46.2,-3.4,9.3,35,109,11,41
0.231710504,0.286862224,0.053424927,0.109989528,0.083938632,1,1255.675587,1059.596183,-445.8753816,1947.907655,0.8,15,30,312,11.3,46.2,-3.3,13.7,48,222,10.1,50.1
0.84750526,0.362826572,0.067954931,0.412863828,0.140197743,1,2245.349458,1139.797348,305.0026349,1126.635862,5.2,17.2,12,257,9.2,36.8,0.7,16.2,36,279,11.3,49.2
0.823372529,0.378209821,0.102720239,0.31880484,0.123632567,1,2245.349458,1139.797348,-489.7474458,1773.978036,5.2,17.2,12,257,9.2,36.8,-1.8,14.7,49,222,11.3,50.8
0.80880158,0.356189556,0.070651178,0.331828428,0.241111366,1,2245.349458,1139.797348,-1067.325553,1459.492846,5.2,17.2,12,257,9.2,36.8,2.4,15.6,62,206,11.7,43.3
0.874844648,0.435216781,0.152116365,0.629362077,0.108676002,1,2245.349458,1139.797348,-534.9494546,2153.127533,5.2,17.2,12,257,9.2,36.8,-4.5,13.4,48,180,10.9,53.7
0.851470466,0.524134901,0.258425,0.606551277,0.089877119,1,2245.349458,1139.797348,-2101.183665,2731.513395,5.2,17.2,12,257,9.2,36.8,-3.4,9.3,35,109,11,41
0.873966158,0.522548312,0.177389196,0.424012491,0.142727713,1,2245.349458,1139.797348,-445.8753816,1947.907655,5.2,17.2,12,257,9.2,36.8,-3.3,13.7,48,222,10.1,50.1
0.138382911,0.098584874,0.013771405,0.072667976,0.088410081,1,305.0026349,1126.635862,-489.7474458,1773.978036,0.7,16.2,36,279,11.3,49.2,-1.8,14.7,49,222,11.3,50.8
0.159280932,0.115305013,0.01008217,0.024220946,0.116763707,1,305.0026349,1126.635862,-1067.325553,1459.492846,0.7,16.2,36,279,11.3,49.2,2.4,15.6,62,206,11.7,43.3
0.141115824,0.099500035,0.038821453,0.110683815,0.079987762,1,305.0026349,1126.635862,-534.9494546,2153.127533,0.7,16.2,36,279,11.3,49.2,-4.5,13.4,48,180,10.9,53.7
0.19111715,0.171491517,0.122793671,0.144916523,0.129953455,1,305.0026349,1126.635862,-2101.183665,2731.513395,0.7,16.2,36,279,11.3,49.2,-3.4,9.3,35,109,11,41
0.18025482,0.135483905,0.066980216,0.049853218,0.07374358,1,305.0026349,1126.635862,-445.8753816,1947.907655,0.7,16.2,36,279,11.3,49.2,-3.3,13.7,48,222,10.1,50.1
0.119029513,0.10813921,0.023938517,0.054627608,0.114988816,1,-489.7474458,1773.978036,-1067.325553,1459.492846,-1.8,14.7,49,222,11.3,50.8,2.4,15.6,62,206,11.7,43.3
0.125203563,0.116635327,0.013205221,0.161737365,0.030029892,1,-489.7474458,1773.978036,-534.9494546,2153.127533,-1.8,14.7,49,222,11.3,50.8,-4.5,13.4,48,180,10.9,53.7
0.166310287,0.15276557,0.069468533,0.207911841,0.098614199,1,-489.7474458,1773.978036,-2101.183665,2731.513395,-1.8,14.7,49,222,11.3,50.8,-3.4,9.3,35,109,11,41
0.160562588,0.12925999,0.036855403,0.100690859,0.054473915,1,-489.7474458,1773.978036,-445.8753816,1947.907655,-1.8,14.7,49,222,11.3,50.8,-3.3,13.7,48,222,10.1,50.1
0.123509955,0.142423024,0.056848563,0.159947199,0.145587349,1,-1067.325553,1459.492846,-534.9494546,2153.127533,2.4,15.6,62,206,11.7,43.3,-4.5,13.4,48,180,10.9,53.7
0.182333961,0.216172304,0.149851643,0.200397473,0.165942544,1,-1067.325553,1459.492846,-2101.183665,2731.513395,2.4,15.6,62,206,11.7,43.3,-3.4,9.3,35,109,11,41
0.173327483,0.178848283,0.091198158,0.040209846,0.168365346,1,-1067.325553,1459.492846,-445.8753816,1947.907655,2.4,15.6,62,206,11.7,43.3,-3.3,13.7,48,222,10.1,50.1
0.171781843,0.13199263,0.034735325,0.030853485,0.106014873,1,-534.9494546,2153.127533,-2101.183665,2731.513395,-4.5,13.4,48,180,10.9,53.7,-3.4,9.3,35,109,11,41
0.160144664,0.181081884,0.016465037,0.258426577,0.071829187,1,-534.9494546,2153.127533,-445.8753816,1947.907655,-4.5,13.4,48,180,10.9,53.7,-3.3,13.7,48,222,10.1,50.1
0.215646159,0.198648136,0.023877747,0.332988457,0.144377623,1,-2101.183665,2731.513395,-445.8753816,1947.907655,-3.4,9.3,35,109,11,41,-3.3,13.7,48,222,10.1,50.1